Nivel;Nivel_Unificado;Gestión;Supervisión;Escuela_ID;CUE;subcue;Número;Anexo;Número_Anexo;Escuela;Departamento;Localidad;zona;AMBITO;Regional
Secundario Orientado;Secundario;Pública;01 - Secundario Orientado;989;5000034;0;4001;0;4001-0;JOSÉ VICENTE ZAPATA;CAPITAL;5º SECCION -  RESIDENCIAL SUR;10%;Urbano;-
Secundario Técnico;Secundario;Pública;01 - Secundario Técnico;990;5000747;0;4002;0;4002-0;FRAY LUIS BELTRÁN;CAPITAL;5º SECCION -  RESIDENCIAL SUR;10%;Urbano;-
Secundario Técnico;Secundario;Pública;01 - Secundario Técnico;991;5000904;0;4003;0;4003-0;EMILIO CIVIT;MAIPÚ;MAIPÚ;10%;Urbano;-
Secundario Técnico;Secundario;Pública;05 - Secundario Técnico;992;5001097;0;4004;0;4004-0;MERCEDES ÁLVAREZ DE SEGURA;SAN RAFAEL;SAN RAFAEL - CIUDAD;10%;Urbano;-
Secundario Técnico;Secundario;Pública;03 - Secundario Técnico;993;5000511;0;4005;0;4005-0;JOSÉFA CAPDEVILA;SAN MARTÍN;SAN MARTÍN;40%;Urbano;-
Secundario Técnico;Secundario;Pública;05 - Secundario Técnico;994;5001059;0;4006;0;4006-0;PASCUAL IACCARINI;SAN RAFAEL;SAN RAFAEL - CIUDAD;40%;Urbano;-
Secundario Técnico;Secundario;Pública;06 - Secundario Técnico;995;5000104;0;4007;0;4007-0;MIGUEL AMADO POUGET;GUAYMALLÉN;BERMEJO;60%;Rural marginal;-
Secundario Orientado;Secundario;Pública;18 - Secundario Orientado;996;5000796;0;4008;0;4008-0;FRAY MAMERTO ESQUIÚ;CAPITAL;4º SECCION;10%;Urbano;-
Secundario Orientado;Secundario;Pública;03 - Secundario Orientado;997;5000811;0;4009;0;4009-0;HERMINIA MORALES DE RAMPONI;GUAYMALLÉN;VILLA NUEVA;10%;Urbano marginal;-
Secundario Orientado;Secundario;Pública;04 - Secundario Orientado;998;5001176;0;4010;0;4010-0;MARÍA ELENA CHAMPEAU;GODOY CRUZ;GOBERNADOR BENEGAS;10%;Urbano;-
Secundario Técnico;Secundario;Pública;06 - Secundario Técnico;999;5000763;0;4011;0;4011-0;CAPITÁN DANIEL F. MANZOTTI;LAS HERAS;LA CIENEGUITA;10%;Urbano;-
Secundario Orientado;Secundario;Pública;06 - Secundario Orientado;1000;5000238;0;4012;0;4012-0;ING. RICARDO VIDELA;LUJÁN DE CUYO;LUJÁN;40%;Urbano;-
Secundario Técnico;Secundario;Pública;06 - Secundario Técnico;1001;5000750;0;4013;0;4013-0;DR. BERNARDO A. HOUSSAY;CAPITAL;CIUDAD;10%;Urbano;-
Secundario Orientado;Secundario;Pública;14 - Secundario Orientado;1002;5001054;0;4014;0;4014-0;MAYOR JORGE GARCÍA;SAN RAFAEL;MONTE COMAN;110%;Rural;-
Secundario Técnico;Secundario;Pública;04 - Secundario Técnico;1003;5001039;0;4015;0;4015-0;SEIZO HOSHI;SAN RAFAEL;REAL DEL PADRE;80%;Rural;-
Secundario Técnico;Secundario;Pública;03 - Secundario Técnico;1004;5001128;0;4016;0;4016-0;ING. ANTONIO MARCELO ARBOIT;JUNIN;JUNIN;80%;Urbano;-
Secundario Técnico;Secundario;Pública;05 - Secundario Técnico;1005;5001086;0;4017;0;4017-0;BERNARDINO IZUEL;SAN RAFAEL;VILLA ATUEL;80%;Rural;-
Secundario Técnico;Secundario;Pública;05 - Secundario Técnico;1006;5001249;0;4018;0;4018-0;GRAL MANUEL NICOLÁS SAVIO;MALARGÜE;MALARGÜE;80%;Urbano;-
Secundario Técnico;Secundario;Pública;06 - Secundario Técnico;1007;5000870;0;4019;0;4019-0;CAPITÁN JOSÉ D VÁZQUEZ;LAS HERAS;LAS HERAS;10%;Urbano;-
Secundario Técnico;Secundario;Pública;02 - Secundario Técnico;1008;5001167;0;4020;0;4020-0;ING.GABRIEL DEL MAZO;GODOY CRUZ;SAN FRANCISCO DEL MONTE;10%;Urbano;-
Secundario Técnico;Secundario;Pública;04 - Secundario Técnico;1009;5001193;0;4021;0;4021-0;MARTÍN GUEMES;SAN RAFAEL;LA LLAVE;110%;Rural;-
Secundario Técnico;Secundario;Pública;02 - Secundario Técnico;1010;5000269;0;4022;0;4022-0;GRAL. ENRIQUE MOSCONI;LUJÁN DE CUYO;CHACRAS DE CORIA;10%;Urbano;-
Secundario Orientado;Secundario;Pública;07 - Secundario Orientado;1011;5000858;0;4023;0;4023-0;MOLINERO ANDRÉS TEJEDA;LAS HERAS;LAS HERAS;10%;Urbano;-
Secundario Orientado;Secundario;Pública;01 - Secundario Orientado;1012;5000765;0;4024;0;4024-0;BELLAS ARTES;CAPITAL;2º SECCION - RESIDENCIAL BARRIO CIVICO;10%;Urbano;-
Secundario Técnico;Secundario;Pública;01 - Secundario Técnico;1013;5000893;0;4025;0;4025-0;LOS CORRALITOS;GUAYMALLÉN;LOS CORRALITOS;80%;Rural;-
Secundario Técnico;Secundario;Pública;06 - Secundario Técnico;1014;5000424;0;4026;0;4026-0;JUAN BAUTISTA ALBERDI;LAVALLE;COSTA DE ARAUJO;110%;Rural;-
Secundario Técnico;Secundario;Pública;06 - Secundario Técnico;1014;5000424;0;4026;0;4026-0;JUAN BAUTISTA ALBERDI;LAVALLE;COSTA DE ARAUJO;110%;Rural;-
Secundario Técnico;Secundario;Pública;03 - Secundario Técnico;1015;5000518;0;4027;0;4027-0;MOISES JULIO CHADE;SAN MARTÍN;ALTO VERDE;80%;Rural;-
Secundario Orientado;Secundario;Pública;05 - Secundario Orientado;1016;5000246;0;4028;0;4028-0;PAULA ALBARRACÍN DE SARMIENTO;MAIPÚ;MAIPÚ;60%;Urbano;-
Secundario Técnico;Secundario;Pública;06 - Secundario Técnico;1017;5000189;0;4029;0;4029-0;GRAL. JOSÉ DE SAN MARTÍN;LAS HERAS;EL CHALLAO;80%;Urbano;-
Secundario Técnico;Secundario;Pública;02 - Secundario Técnico;1018;5001165;0;4030;0;4030-0;PROFESOR ÁNGEL CERVERA;GODOY CRUZ;GODOY CRUZ;60%;Urbano marginal;-
Secundario Orientado;Secundario;Pública;06 - Secundario Orientado;1019;5000270;0;4031;0;4031-0;DR. FRANCISCO CORREAS;LUJÁN DE CUYO;CHACRAS DE CORIA;10%;Urbano;-
Secundario Orientado;Secundario;Pública;06 - Secundario Orientado;1020;5000170;0;4032;0;4032-0;NUESTRA SEÑORA DE LAS NIEVES;LAS HERAS;USPALLATA;110%;Rural frontera;-
Secundario Orientado;Secundario;Pública;06 - Secundario Orientado;1021;5000240;0;4033;0;4033-0;LAUREANA FERRARI DE OLAZABAL;LUJÁN DE CUYO;LUJÁN (CIUDAD);40%;Urbano;-
Secundario Técnico;Secundario;Pública;03 - Secundario Técnico;1022;5000953;0;4034;0;4034-0;GALILEO VITALI;LA PAZ;VILLA ANTIGUA;110%;Rural;-
Secundario Técnico;Secundario;Pública;02 - Secundario Técnico;1023;5001016;0;4035;0;4035-0;JULIA SILVA DE CEJAS;TUNUYÁN;VISTA FLORES;80%;Urbano;-
Secundario Técnico;Secundario;Pública;01 - Secundario Técnico;1024;5001150;0;4036;0;4036-0;RAÚL SCALABRINI ORTIZ;GODOY CRUZ;LAS TORTUGAS;80%;Urbano marginal;-
Secundario Técnico;Secundario;Pública;06 - Secundario Técnico;1025;5000907;0;4037;0;4037-0;HOMERO MANZI;LAS HERAS;EL PLUMERILLO;80%;Urbano marginal;-
Secundario Técnico;Secundario;Pública;02 - Secundario Técnico;1026;5000216;0;4038;0;4038-0;ARTURO JAURETCHE;LUJÁN DE CUYO;UGARTECHE;80%;Rural;-
Secundario Técnico;Secundario;Pública;01 - Secundario Técnico;1027;5001101;0;4039;0;4039-0;CRUZ DE PIEDRA;MAIPÚ;CRUZ DE PIEDRA;60%;Rural;-
Secundario Orientado;Secundario;Pública;09 - Secundario Orientado;1028;5000961;0;4040;0;4040-0;MOHAMED DIB EL MUSRI;RIVADAVIA;LA CENTRAL;110%;Rural;-
Secundario Orientado;Secundario;Pública;08 - Secundario Orientado;1029;5000428;0;4041;0;4041-0;ALICIA M. DE JUSTO;LAVALLE;VILLA TULUMAYA (CIUDAD);80%;Rural;-
Secundario Orientado;Secundario;Pública;17 - Secundario Orientado;1030;5000979;0;4042;0;4042-0;MARCELINO H. BLANCO;LA PAZ;VILLA NUEVA DE LA PAZ;80%;Urbano;-
Secundario Técnico;Secundario;Pública;04 - Secundario Técnico;1031;5000825;0;4043;0;4043-0;ANTONIO DI BENEDETTO;SAN RAFAEL;RAMA CAIDA;110%;Rural;-
Secundario Técnico;Secundario;Pública;05 - Secundario Técnico;1032;5001098;0;4044;0;4044-0;ING.FLORENCIO CASALE;SAN RAFAEL;EL NIHUIL;110%;Rural;-
Secundario Orientado;Secundario;Pública;15 - Secundario Orientado;1033;5001198;0;4045;0;4045-0;FUERTE SAN CARLOS;SAN CARLOS;SAN CARLOS;80%;Urbano;-
Secundario Técnico;Secundario;Pública;02 - Secundario Técnico;1034;5000266;0;4046;0;4046-0;ING. JULIO KRAUSE;LUJÁN DE CUYO;CARRODILLA;40%;Urbano;-
Secundario Orientado;Secundario;Pública;07 - Secundario Orientado;1035;5000147;0;4047;0;4047-0;EL PLUMERILLO;LAS HERAS;EL PLUMERILLO;10%;Urbano marginal;-
Secundario Orientado;Secundario;Pública;07 - Secundario Orientado;1036;5000876;0;4048;0;4048-0;PANQUEHUA;LAS HERAS;PANQUEHUA;60%;Urbano marginal;-
Secundario Orientado;Secundario;Pública;02 - Secundario Orientado;1037;5000822;0;4049;0;4049-0;MAESTRO ALBERTO RODRÍGUEZ;GUAYMALLÉN;VILLA NUEVA;40%;Urbano marginal;-
Secundario Orientado;Secundario;Pública;02 - Secundario Orientado;1038;5000108;0;4050;0;4050-0;ROBERTO AZZONI;GUAYMALLÉN;VILLA NUEVA;10%;Urbano;-
Secundario Orientado;Secundario;Pública;04 - Secundario Orientado;1039;5001157;0;4051;0;4051-0;DR. AMÉRICO CALÍ;GODOY CRUZ;GODOY CRUZ;60%;Urbano marginal;-
Secundario Orientado;Secundario;Pública;04 - Secundario Orientado;1040;5000581;0;4052;0;4052-0;JUAN DRAGHI LUCERO;GODOY CRUZ;LAS TORTUGAS;80%;Urbano marginal;-
Secundario Técnico;Secundario;Pública;01 - Secundario Técnico;1041;5000247;0;4053;0;4053-0;DR. HORACIO ROMÁN MARTÍNEZ LEÁNEZ;MAIPÚ;MAIPÚ;60%;Urbano marginal;-
Secundario Orientado;Secundario;Pública;05 - Secundario Orientado;1042;5000924;0;4054;0;4054-0;JUAN ISIDRO MAZA;MAIPÚ;RODEO DEL MEDIO;60%;Urbano marginal;-
Secundario Técnico;Secundario;Pública;03 - Secundario Técnico;1043;5001127;0;4055;0;4055-0;PRESBITERO CONSTANTINO SPAGNOLO;JUNIN;JUNIN;80%;Urbano;-
Secundario Orientado;Secundario;Pública;10 - Secundario Orientado;1044;5000842;0;4056;0;4056-0;PROFESORA TERESA MAGDALENA GONZÁLEZ;SAN MARTÍN;MONTECASEROS;80%;Rural;-
Secundario Orientado;Secundario;Pública;13 - Secundario Orientado;1045;5001227;0;4057;0;4057-0;MARGARITA CINCA DE GEARY;SAN RAFAEL;SAN RAFAEL - CIUDAD;40%;Urbano;-
Secundario Orientado;Secundario;Pública;09 - Secundario Orientado;1046;5001119;0;4058;0;4058-0;PBRO. DOMINGO HIPÓLITO NÚÑEZ;SAN MARTÍN;CHAPANAY;110%;Rural;-
Secundario Orientado;Secundario;Pública;11 - Secundario Orientado;1047;5001019;0;4059;0;4059-0;HNA. MONICA LOYARTE;SAN CARLOS;CHILECITO;80%;Rural;-
Secundario Orientado;Secundario;Pública;11 - Secundario Orientado;1048;5000448;0;4060;0;4060-0;DR. ERNESTO PIAGGI;TUPUNGATO;TUPUNGATO;80%;Urbano;-
Secundario Orientado;Secundario;Pública;05 - Secundario Orientado;1049;5000573;0;4061;0;4061-0;DR. ANTONIO LÓPEZ AGUADO;MAIPÚ;COQUIMBITO;60%;Urbano marginal;-
Secundario Técnico;Secundario;Pública;03 - Secundario Técnico;1050;5001148;0;4062;0;4062-0;PROF. JUANA B. ALBORNOZ DE CORTÉS;MAIPÚ;SAN ROQUE;80%;Urbano;-
Secundario Técnico;Secundario;Pública;05 - Secundario Técnico;1051;5001065;0;4063;0;4063-0;LUIS FEDERICO LELOIR;SAN RAFAEL;LAS PAREDES;80%;Rural;-
Secundario Técnico;Secundario;Pública;03 - Secundario Técnico;1052;5000529;0;4064;0;4064-0;INTENDENTE JUAN KAIRUZ;SAN MARTÍN;PALMIRA;60%;Urbano;-
Secundario Orientado;Secundario;Pública;03 - Secundario Orientado;1053;5000847;1;4065;0;4065-0;JOSÉ MERCEDES ARGUMEDO;GUAYMALLÉN;KM 11;80%;Rural;-
Secundario Orientado;Secundario;Pública;03 - Secundario Orientado;1054;5000076;0;4066;0;4066-0;MADRE T. DE CALCUTA;GUAYMALLÉN;RODEO DE LA CRUZ;60%;Urbano marginal;-
Secundario Orientado;Secundario;Pública;01 - Secundario Orientado;1055;5000781;0;4067;0;4067-0;DR. OSVALDO S. P. BORGHI;CAPITAL;6º SECCION - RESIDENCIAL NORTE;60%;Urbano;-
Secundario Orientado;Secundario;Pública;04 - Secundario Orientado;1056;5001169;0;4068;0;4068-0;PROF. ATILIO ANASTASI;GODOY CRUZ;PTE. SARMIENTO;80%;Urbano marginal;-
Secundario Orientado;Secundario;Pública;05 - Secundario Orientado;1057;5001099;0;4069;0;4069-0;ALFONSINA STORNI;MAIPÚ;LUZURIAGA;60%;Urbano;-
Secundario Orientado;Secundario;Pública;12 - Secundario Orientado;1058;5000661;0;4070;0;4070-0;ABELARDO ARIAS BALLOFFET;SAN RAFAEL;SAN RAFAEL - CIUDAD;80%;Urbano marginal;-
Secundario Orientado;Secundario;Pública;05 - Secundario Orientado;1059;5000570;0;4071;0;4071-0;JULIO FERNÁNDEZ PELÁEZ;MAIPÚ;COQUIMBITO;80%;Rural;-
Secundario Orientado;Secundario;Pública;04 - Secundario Orientado;1060;5000739;0;4072;0;4072-0;FEDERICO GARCÍA LORCA;GODOY CRUZ;VILLA HIPODROMO;60%;Urbano marginal;-
Secundario Orientado;Secundario;Pública;07 - Secundario Orientado;1061;5000184;0;4073;0;4073-0;ADOLFO BIOY CASARES;LAS HERAS;EL CHALLAO;60%;Urbano marginal;-
Secundario Orientado;Secundario;Pública;08 - Secundario Orientado;1062;5000851;0;4074;0;4074-0;FLORENCIO MOLINA CAMPOS;LAS HERAS;EL ZAPALLAR;40%;Urbano;-
Secundario Orientado;Secundario;Pública;15 - Secundario Orientado;1063;5000980;0;4075;0;4075-0;PRUDENCIO VIDAL AMIEVA;TUNUYÁN;TUNUYÁN;80%;Urbano marginal;-
Secundario Orientado;Secundario;Pública;05 - Secundario Orientado;1064;5001107;0;4076;0;4076-0;ARQ. CARLOS THAYS;MAIPÚ;FRAY LUIS BELTRÁN;80%;Rural;-
Secundario Técnico;Secundario;Pública;01 - Secundario Técnico;1065;5000764;0;4077;0;4077-0;ARQ. MANUEL VÍCTOR CIVIT;CAPITAL;CIUDAD;10%;Urbano marginal;-
Secundario Orientado;Secundario;Pública;02 - Secundario Orientado;1066;5000808;0;4078;0;4078-0;PROF. TOMÁS SILVESTRE;GUAYMALLÉN;SAN JOSÉ;60%;Urbano marginal;-
Secundario Orientado;Secundario;Pública;11 - Secundario Orientado;1067;5000985;0;4079;0;4079-0;DOMINGO F. SARMIENTO;TUPUNGATO;TUPUNGATO;80%;Urbano;-
Secundario Técnico;Secundario;Pública;03 - Secundario Técnico;1069;5000342;0;4081;0;4081-0;ING.FRANCISCO MARTÍN CROCE;SANTA ROSA;VILLA CABECERA;80%;Rural;-
Secundario Orientado;Secundario;Pública;01 - Secundario Orientado;1070;5000878;0;4082;0;4082-0;JOSÉ PATROCINIO DAVILA;LAS HERAS;LA CIENEGUITA;10%;Urbano;-
Secundario Orientado;Secundario;Pública;18 - Secundario Orientado;1071;5000760;0;4083;0;4083-0;AGUSTÍN ÁLVAREZ;CAPITAL;1º SECCION - PARQUE CENTRAL;10%;Urbano;-
Secundario Orientado;Secundario;Pública;09 - Secundario Orientado;1072;5001110;0;4084;0;4084-0;LIBERTADOR SIMÓN BOLÍVAR;SAN MARTÍN;SAN MARTÍN;40%;Urbano;-
Secundario Orientado;Secundario;Pública;01 - Secundario Orientado;1073;5000759;0;4085;0;4085-0;ALFREDO R. BUFANO;CAPITAL;1º SECCION - PARQUE CENTRAL;10%;Urbano marginal;-
Secundario Orientado;Secundario;Pública;02 - Secundario Orientado;1074;5000095;0;4086;0;4086-0;CACIQUE GUAYMALLEN;GUAYMALLÉN;CAPILLA DEL ROSARIO;60%;Urbano marginal;-
Secundario Orientado;Secundario;Pública;13 - Secundario Orientado;1075;5001095;0;4087;0;4087-0;MANUEL IGNACIO MOLINA;SAN RAFAEL;SAN RAFAEL - CIUDAD;10%;Urbano;-
Secundario Orientado;Secundario;Pública;07 - Secundario Orientado;1076;5000867;0;4088;0;4088-0;MARIO CASALE;LAS HERAS;LAS HERAS;10%;Urbano;-
Secundario Orientado;Secundario;Pública;17 - Secundario Orientado;1077;5001130;0;4089;0;4089-0;JOSÉ MANUEL ESTRADA;SAN MARTÍN;SAN MARTÍN;40%;Urbano;-
Secundario Orientado;Secundario;Pública;17 - Secundario Orientado;1078;5000295;0;4090;0;4090-0;PROF. OSVALDO PINTO;SANTA ROSA;LAS CATITAS;80%;Rural;-
Secundario Orientado;Secundario;Pública;06 - Secundario Orientado;1079;5001129;0;4091;0;4091-0;MARTÍN GÜEMES;LUJÁN DE CUYO;LUJÁN;10%;Urbano;-
Secundario Orientado;Secundario;Pública;01 - Secundario Orientado;1080;5000032;0;4092;0;4092-0;GRAL. LAS HERAS;CAPITAL;4º SECCION;10%;Urbano;-
Secundario Orientado;Secundario;Pública;09 - Secundario Orientado;1081;5000528;0;4093;0;4093-0;PTE. JULIO ARGENTINO ROCA;SAN MARTÍN;PALMIRA;80%;Urbano;-
Secundario Orientado;Secundario;Pública;10 - Secundario Orientado;1082;5000956;0;4094;0;4094-0;FÉLIX PESCE SCARSO;RIVADAVIA;RIVADAVIA;80%;Urbano;-
Secundario Orientado;Secundario;Pública;13 - Secundario Orientado;1083;5001235;0;4095;0;4095-0;ISLAS MALVINAS;SAN RAFAEL;SAN RAFAEL - CIUDAD;40%;Urbano;-
Secundario Orientado;Secundario;Pública;10 - Secundario Orientado;1084;5001125;0;4096;0;4096-0;PROFESOR MARIO ANSELMO SÁNCHEZ;RIVADAVIA;MEDRANO;80%;Rural;-
Secundario Orientado;Secundario;Pública;05 - Secundario Orientado;1085;5000913;0;4097;0;4097-0;PROF. GILDA COSMA DE LEDE;MAIPÚ;MAIPÚ;10%;Urbano;-
Secundario Orientado;Secundario;Pública;13 - Secundario Orientado;1086;5001093;0;4098;0;4098-0;REPÚBLICA DEL PERÚ;SAN RAFAEL;SAN RAFAEL - CIUDAD;10%;Urbano;-
Secundario Orientado;Secundario;Pública;14 - Secundario Orientado;1087;5001207;0;4099;0;4099-0;JOSÉ HERNANDEZ;GRAL. ALVEAR;BOWEN;80%;Urbano;-
Secundario Orientado;Secundario;Pública;12 - Secundario Orientado;1088;5000679;0;4100;0;4100-0;VILLA 25 DE MAYO;SAN RAFAEL;25 DE MAYO;80%;Rural;-
Secundario Orientado;Secundario;Pública;13 - Secundario Orientado;1089;5001233;0;4101;0;4101-0;EL NEVADO;SAN RAFAEL;GOUDGE;80%;Rural;-
Secundario Orientado;Secundario;Pública;16 - Secundario Orientado;1090;5001216;0;4102;0;4102-0;ANTONIO BUTTINI;SAN RAFAEL;CUADRO BENEGAS;80%;Rural;-
Secundario Orientado;Secundario;Pública;07 - Secundario Orientado;1091;5000859;0;4103;0;4103-0;PROFESOR CÉSAR HUMBERTO CASIVA;LAS HERAS;EL CHALLAO;40%;Urbano marginal;-
Secundario Técnico;Secundario;Pública;02 - Secundario Técnico;1092;5000939;0;4104;0;4104-0;ING. CARLOS FADER;LUJÁN DE CUYO;LUJÁN;10%;Urbano;-
Secundario Técnico;Secundario;Pública;05 - Secundario Técnico;1093;5001182;0;4105;0;4105-0;ENORE DE MONTE;GRAL. ALVEAR;BOWEN;80%;Urbano;-
Secundario Técnico;Secundario;Pública;06 - Secundario Técnico;1094;5000175;0;4106;0;4106-0;IV BRIGADA AÉREA;LAS HERAS;EL PLUMERILLO;40%;Urbano;-
Secundario Técnico;Secundario;Pública;02 - Secundario Técnico;1095;5000984;0;4107;0;4107-0;EJÉRCITO ARGENTINO;TUNUYÁN;TUNUYÁN;80%;Urbano;-
Secundario Técnico;Secundario;Pública;01 - Secundario Técnico;1096;5001100;0;4108;0;4108-0;ING. GUILLERMO VILLANUEVA;MAIPÚ;MAIPÚ;10%;Urbano;-
Secundario Técnico;Secundario;Pública;06 - Secundario Técnico;1097;5001159;0;4109;0;4109-0;ING. ÁLVAREZ CONDARCO;GODOY CRUZ;SAN FRANCISCO DEL MONTE;10%;Urbano;-
Secundario Técnico;Secundario;Pública;03 - Secundario Técnico;1098;5000560;0;4110;0;4110-0;PRESIDENTE NICOLÁS AVELLANEDA;JUNIN;LOS BARRIALES;80%;Urbano;-
Secundario Técnico;Secundario;Pública;01 - Secundario Técnico;1099;5000761;0;4111;0;4111-0;ING. PABLO NOGUÉS;CAPITAL;2º SECCION - RESIDENCIAL BARRIO CIVICO;10%;Urbano;-
Secundario Técnico;Secundario;Pública;06 - Secundario Técnico;1100;5000879;0;4112;0;4112-0;PROFESOR ANTONIO DOUGLAS GURGUI;LAS HERAS;LAS HERAS;40%;Urbano;-
Secundario Técnico;Secundario;Pública;05 - Secundario Técnico;1101;5001188;0;4113;0;4113-0;ING. JORGE BARRAQUERO;GRAL. ALVEAR;GENERAL ALVEAR;60%;Urbano marginal;-
Secundario Técnico;Secundario;Pública;05 - Secundario Técnico;1102;5000477;0;4114;0;4114-0;MANUEL BELGRANO;SAN RAFAEL;CAÑADA SECA;80%;Rural;-
Secundario Orientado;Secundario;Pública;02 - Secundario Orientado;1103;5000194;0;4115;0;4115-0;INFANTA MENDOCINA;GUAYMALLÉN;DORREGO;10%;Urbano;-
Secundario Técnico;Secundario;Pública;05 - Secundario Técnico;1104;5000664;0;4116;0;4116-0;JUAN PABLO II;SAN RAFAEL;MONTE COMAN;110%;Urbano;-
Secundario Técnico;Secundario;Pública;05 - Secundario Técnico;1105;5001055;0;4117;0;4117-0;EJÉRCITO DE LOS ANDES;SAN RAFAEL;SAN RAFAEL - CIUDAD;10%;Urbano;-
Secundario Técnico;Secundario;Pública;02 - Secundario Técnico;1106;5000900;0;4118;0;4118-0;SAN JOSE;GUAYMALLÉN;SAN JOSÉ;10%;Urbano;-
Secundario Técnico;Secundario;Pública;03 - Secundario Técnico;1107;5000962;0;4119;0;4119-0;SANTA MARÍA DE ORO (8119);RIVADAVIA;SANTA MARÍA DE ORO;80%;Rural;-
Secundario Técnico;Secundario;Pública;03 - Secundario Técnico;1108;5000538;0;4120;0;4120-0;TECNICA JOSÉ DE SAN MARTÍN;SAN MARTÍN;SAN MARTÍN;40%;Urbano;-
Secundario Técnico;Secundario;Pública;01 - Secundario Técnico;1109;5001304;0;4121;0;4121-0;TÉCNICOS  MENDOCINOS;GUAYMALLÉN;VILLA NUEVA;40%;Urbano;-
Secundario Técnico;Secundario;Pública;02 - Secundario Técnico;1110;5001032;0;4122;0;4122-0;REPÚBLICA ITALIANA;TUPUNGATO;TUPUNGATO;60%;Urbano;-
Secundario Técnico;Secundario;Pública;02 - Secundario Técnico;1111;5000704;0;4123;0;4123-0;INTEGRACION;SAN CARLOS;LA CONSULTA;80%;Urbano;-
Secundario Técnico;Secundario;Pública;05 - Secundario Técnico;1112;5001040;0;4124;0;4124-0;REYNALDO MERIN;SAN RAFAEL;SAN RAFAEL - CIUDAD;40%;Urbano;-
Secundario Orientado;Secundario;Pública;16 - Secundario Orientado;1115;5001062;0;4127;0;4127-0;CENTRO POLIVALENTE DE ARTE;SAN RAFAEL;SAN RAFAEL - CIUDAD;40%;Urbano;-
Secundario Orientado;Secundario;Pública;01 - Secundario Orientado;1116;5000023;0;4128;0;4128-0;ADOLFO PÉREZ ESQUIVEL;CAPITAL;2º SECCION - RESIDENCIAL BARRIO CIVICO;10%;Urbano;-
Secundario Orientado;Secundario;Pública;16 - Secundario Orientado;1117;5001074;0;4129;0;4129-0;ANA ENRIQUETA GUYOT DE CALZADA;SAN RAFAEL;SAN RAFAEL - CIUDAD;40%;Urbano;-
Secundario Técnico;Secundario;Pública;05 - Secundario Técnico;1118;5000486;0;4130;0;4130-0;PROF.JORGE DE LA RETA;SAN RAFAEL;SAN RAFAEL - CIUDAD;10%;Urbano;-
Secundario Orientado;Secundario;Pública;04 - Secundario Orientado;1119;5000642;0;4131;0;4131-0;MAHATMA GANDHI;GODOY CRUZ;VILLA HIPODROMO;10%;Urbano;-
Secundario Técnico;Secundario;Pública;01 - Secundario Técnico;1120;5000740;0;4132;0;4132-0;QUÍMICOS ARGENTINOS;CAPITAL;5º SECCION -  RESIDENCIAL SUR;10%;Urbano;-
Secundario Orientado;Secundario;Pública;02 - Secundario Orientado;1121;5000106;0;4133;0;4133-0;ABELARDO VAZQUEZ;GUAYMALLÉN;SAN JOSÉ;10%;Urbano marginal;-
Secundario Orientado;Secundario;Pública;10 - Secundario Orientado;1122;5000512;0;4134;0;4134-0;MARÍA RAQUEL BUTERA;SAN MARTÍN;SAN MARTÍN;40%;Urbano;-
Secundario Orientado;Secundario;Pública;17 - Secundario Orientado;1123;5001126;0;4135;0;4135-0;SAN MARTÍN LABRADOR;JUNIN;LOS BARRIALES;80%;Rural;-
Secundario Orientado;Secundario;Pública;18 - Secundario Orientado;1124;5000080;0;4136;0;4136-0;JORGE LUIS BORGES;GUAYMALLÉN;SAN JOSÉ;10%;Urbano;-
Secundario Orientado;Secundario;Pública;01 - Secundario Orientado;1125;5000748;0;4137;0;4137-0;NIEVES DEL ACONCAGUA;CAPITAL;5º SECCION -  RESIDENCIAL SUR;10%;Urbano;-
Secundario Orientado;Secundario;Pública;16 - Secundario Orientado;1126;5001343;0;4138;0;4138-0;ABORIGEN AMERICANO;MALARGÜE;MALARGÜE;80%;Urbano marginal;-
Secundario Orientado;Secundario;Pública;04 - Secundario Orientado;1127;5000612;0;4139;0;4139-0;ERNESTO SABATO;GODOY CRUZ;GODOY CRUZ;10%;Urbano;-
Secundario Orientado;Secundario;Pública;07 - Secundario Orientado;1128;5000177;0;4140;0;4140-0;ARMANDO TEJADA GÓMEZ;LAS HERAS;EL RESGUARDO;80%;Urbano marginal;-
Secundario Orientado;Secundario;Pública;16 - Secundario Orientado;1129;5000684;0;4141;0;4141-0;ANTONIO GARBIN;SAN RAFAEL;SAN RAFAEL - CIUDAD;40%;Urbano marginal;-
Secundario Orientado;Secundario;Pública;08 - Secundario Orientado;1131;5001383;0;4143;0;4143-0;EL ALGARROBAL;LAS HERAS;EL ALGARROBAL;80%;Urbano;-
Secundario Orientado;Secundario;Pública;14 - Secundario Orientado;1132;5001384;0;4144;0;4144-0;12 DE AGOSTO;GRAL. ALVEAR;GENERAL ALVEAR;60%;Urbano;-
Secundario Técnico;Secundario;Pública;03 - Secundario Técnico;1133;5001400;0;4145;0;4145-0;ARMANDO SERGIO FIGUEROA;SAN MARTÍN;TRES PORTEÑAS;110%;Rural;-
Secundario Orientado;Secundario;Pública;02 - Secundario Orientado;1134;5001392;0;4146;0;4146-0;AMERICO DANGELO RECUERO;GUAYMALLÉN;JESÚS NAZARENO;10%;Urbano marginal;-
Secundario Orientado;Secundario;Pública;07 - Secundario Orientado;1135;5001393;0;4147;0;4147-0;CELADOR PABLO DELPIR;LAS HERAS;PANQUEHUA;60%;Urbano;-
Secundario Orientado;Secundario;Pública;18 - Secundario Orientado;1136;5001669;0;4148;0;4148-0;MANUEL BELGRANO;GODOY CRUZ;GODOY CRUZ;10%;Urbano;-
Secundario Orientado;Secundario;Pública;18 - Secundario Orientado;1137;5001681;0;4149;0;4149-0;CARLOS VARAS GAZARI;CAPITAL;CIUDAD;10%;Urbano;-
Secundario Orientado;Secundario;Pública;04 - Secundario Orientado;1138;5001680;0;4150;0;4150-0;DR. MARIO PÉREZ ELIZALDE;GODOY CRUZ;LAS TORTUGAS;60%;Urbano marginal;-
Secundario Orientado;Secundario;Pública;06 - Secundario Orientado;1139;5001682;0;4151;0;4151-0;DR. BENITO MARÍANETTI;LUJÁN DE CUYO;MAYOR DRUMMOND;60%;Urbano marginal;-
Secundario Orientado;Secundario;Pública;03 - Secundario Orientado;1140;5001716;0;4152;0;4152-0;DR. ABEL ALBINO;GUAYMALLÉN;PUENTE DE HIERRO;80%;Rural marginal;-
Secundario Orientado;Secundario;Pública;03 - Secundario Orientado;1141;5001717;0;4153;0;4153-0;PROFESOR LUIS QUESADA;GUAYMALLÉN;BERMEJO;80%;Urbano marginal;-
Secundario Orientado;Secundario;Pública;03 - Secundario Orientado;1142;5001718;0;4154;0;4154-0;DR. SALVADOR MAZZA;GUAYMALLÉN;DORREGO;10%;Urbano;-
Secundario Orientado;Secundario;Pública;03 - Secundario Orientado;1143;5001719;0;4155;0;4155-0;ERNESTO PEREZ CUESTA;GUAYMALLÉN;CAPILLA DEL ROSARIO;10%;Urbano;-
Secundario Orientado;Secundario;Pública;03 - Secundario Orientado;1144;5001720;0;4156;0;4156-0;MIGUEL LAURIENTE;GUAYMALLÉN;RODEO DE LA CRUZ;60%;Urbano marginal;-
Secundario Orientado;Secundario;Pública;07 - Secundario Orientado;1145;5001725;0;4157;0;4157-0;PATRIA GRANDE;LAS HERAS;EL PLUMERILLO;60%;Urbano;-
Secundario Orientado;Secundario;Pública;07 - Secundario Orientado;1146;5001726;0;4158;0;4158-0;ARRIEROS DEL ANDE;LAS HERAS;EL PLUMERILLO;60%;Urbano marginal;-
Secundario Orientado;Secundario;Pública;08 - Secundario Orientado;1147;5001728;0;4159;0;4159-0;CÉSAR MILSTEIN;LAVALLE;EL VERGEL;110%;Rural;-
Secundario Técnico;Secundario;Pública;06 - Secundario Técnico;1148;5001729;0;4160;0;4160-0;TITO FRANCIA;LAVALLE;LAVALLE;110%;Rural;-
Secundario Técnico;Secundario;Pública;06 - Secundario Técnico;1149;5001730;0;4161;0;4161-0;JOSE MIGUEL GRANEROS;LAVALLE;GUSTAVO ANDRE;110%;Rural;-
Secundario Orientado;Secundario;Pública;04 - Secundario Orientado;1150;5001710;0;4162;0;4162-0;MAESTRO ALFREDO BRAVO;GODOY CRUZ;SAN FRANCISCO DEL MONTE;10%;Urbano;-
Secundario Orientado;Secundario;Pública;05 - Secundario Orientado;1151;5001732;0;4163;0;4163-0;PROFESORES MENDOCINOS;LUJÁN DE CUYO;CARRODILLA;80%;Urbano marginal;-
Secundario Orientado;Secundario;Pública;06 - Secundario Orientado;1152;5001733;0;4164;0;4164-0;CERRO EL PLATA;LUJÁN DE CUYO;PERDRIEL;60%;Rural marginal;-
Secundario Orientado;Secundario;Pública;06 - Secundario Orientado;1153;5001734;0;4165;0;4165-0;PABLO NERUDA;LUJÁN DE CUYO;VISTALBA;60%;Rural;-
Secundario Técnico;Secundario;Pública;01 - Secundario Técnico;1154;5001790;0;4166;0;4166-0;FERNANDO LORENZO;MAIPÚ;GENERAL GUTIÉRREZ;60%;Urbano;-
Secundario Orientado;Secundario;Pública;09 - Secundario Orientado;1155;5001748;0;4167;0;4167-0;SANTIAGO FELIPE LLAVER;SAN MARTÍN;SAN MARTÍN;80%;Urbano marginal;-
Secundario Orientado;Secundario;Pública;09 - Secundario Orientado;1156;5001723;0;4168;0;4168-0;PROFESORA MARÍA EUGENIA TROSSERO;JUNIN;LA COLONIA;80%;Urbano;-
Secundario Orientado;Secundario;Pública;12 - Secundario Orientado;1157;5001754;0;4169;0;4169-0;DR. BERNARDO SAMUEL LEIVA;SAN RAFAEL;SAN RAFAEL - CIUDAD;80%;Urbano marginal;-
Secundario Orientado;Secundario;Pública;13 - Secundario Orientado;1158;5001756;0;4170;0;4170-0;AGUAS DEL DIAMANTE;SAN RAFAEL;CUADRO NACIONAL;80%;Urbano marginal;-
Secundario Técnico;Secundario;Pública;04 - Secundario Técnico;1159;5001713;0;4171;0;4171-0;PRECEPTORA HILDA MABEL CORIA;GRAL. ALVEAR;CARMENSA;80%;Rural;-
Secundario Orientado;Secundario;Pública;06 - Secundario Orientado;1160;5001817;0;4172;0;4172-0;PUERTO ARGENTINO;LUJÁN DE CUYO;AGRELO;80%;Rural;-
Secundario Orientado;Secundario;Pública;11 - Secundario Orientado;1161;5001818;0;4173;0;4173-0;PROFESORA AMANDA FERNANDEZ DE PALERMO;TUNUYÁN;TUNUYÁN;40%;Urbano;-
Secundario Orientado;Secundario;Pública;01 - Secundario Orientado;1162;5001811;0;4174;0;4174-0;JOAQUÍN SALVADOR LAVADO;CAPITAL;CIUDAD;80%;Urbano marginal;-
Secundario Orientado;Secundario;Pública;02 - Secundario Orientado;1163;5001812;0;4175;0;4175-0;DR. EDUARDO JORGE CHAHLA;GUAYMALLÉN;BERMEJO;80%;Urbano marginal;-
Secundario Orientado;Secundario;Pública;06 - Secundario Orientado;1164;5001813;0;4176;0;4176-0;VALLES DE POTRERILLOS;LUJÁN DE CUYO;POTRERILLOS;110%;Rural;-
Secundario Orientado;Secundario;Pública;05 - Secundario Orientado;1165;5001814;0;4177;0;4177-0;HUARPES DE LAS BARRANCAS;MAIPÚ;LAS BARRANCAS;110%;Rural;-
Secundario Orientado;Secundario;Pública;04 - Secundario Orientado;1166;5001815;0;4178;0;4178-0;VICTORIA OCAMPO;GODOY CRUZ;VILLA HIPODROMO;80%;Urbano marginal;-
Secundario Orientado;Secundario;Pública;14 - Secundario Orientado;1167;5001851;0;4179;0;4179-0;EL CEIBO;GRAL. ALVEAR;EL CEIBO;80%;Rural;-
Secundario Orientado;Secundario;Pública;02 - Secundario Orientado;1168;5001852;0;4180;0;4180-0;INMIGRANTES ITALIANOS;GUAYMALLÉN;JESÚS NAZARENO;80%;Rural;-
Secundario Orientado;Secundario;Pública;09 - Secundario Orientado;1169;5001853;0;4181;0;4181-0;GUILLERMO OLEGARÍO MORAN;JUNIN;PHILIPS;80%;Rural;-
Secundario Técnico;Secundario;Pública;03 - Secundario Técnico;1170;5001841;0;4182;0;4182-0;AIDA FONT (8182);LA PAZ;DESAGUADERO;110%;Rural;-
Secundario Orientado;Secundario;Pública;08 - Secundario Orientado;1171;5001854;0;4183;0;4183-0;FIDEL DE LUCIA;LAVALLE;JOCOLÍ VIEJO;80%;Rural;-
Secundario Orientado;Secundario;Pública;08 - Secundario Orientado;1172;5001855;0;4184;0;4184-0;CARLOS ALBERTO MASOERO;LAVALLE;LA PEGA;80%;Rural;-
Secundario Técnico;Secundario;Pública;06 - Secundario Técnico;1173;5001856;0;4185;0;4185-0;ELENA ELVIRA IMAZIO DE CAVAGNOLA;LAVALLE;TRES DE MAYO;80%;Rural;-
Secundario Orientado;Secundario;Pública;06 - Secundario Orientado;1174;5001857;0;4186;0;4186-0;OSCAR BRACELIS;LUJÁN DE CUYO;EL CARRIZAL;110%;Rural;-
Secundario Orientado;Secundario;Pública;06 - Secundario Orientado;1175;5001858;0;4187;0;4187-0;LUJÁN DE LAS VIÑAS;LUJÁN DE CUYO;UGARTECHE;110%;Rural;-
Secundario Técnico;Secundario;Pública;01 - Secundario Técnico;1176;5001859;0;4188;0;4188-0;PADRE SERGIO IACONO;MAIPÚ;FRAY LUIS BELTRÁN;80%;Rural;-
Secundario Orientado;Secundario;Pública;05 - Secundario Orientado;1177;5001860;0;4189;0;4189-0;ÁLAMOS MENDOCINOS;MAIPÚ;FRAY LUIS BELTRÁN;110%;Rural;-
Secundario Orientado;Secundario;Pública;16 - Secundario Orientado;1178;5001861;0;4190;0;4190-0;DR. JAMES WATSON CRONIN;MALARGÜE;MALARGÜE;80%;Urbano;-
Secundario Técnico;Secundario;Pública;04 - Secundario Técnico;1179;5001862;0;4191;0;4191-0;DR. DANIEL HUGO PIERINI (ESC. 8191);MALARGÜE;LAS JUNTAS;110%;Rural;-
Secundario Orientado;Secundario;Pública;10 - Secundario Orientado;1180;5001863;0;4192;0;4192-0;PROF. ALICIA MABEL SAFFI;RIVADAVIA;CAMPAMENTOS;80%;Rural;-
Secundario Técnico;Secundario;Pública;02 - Secundario Técnico;1181;5001864;0;4193;0;4193-0;MARÍA LUISA PÁSCOLO DE BANDIERA;SAN CARLOS;CAPIZ ALTO;110%;Rural;-
Secundario Orientado;Secundario;Pública;09 - Secundario Orientado;1182;5001865;0;4194;0;4194-0;FABIAN CATROPPA MARTÍN;SAN MARTÍN;NUEVA CALIFORNIA;110%;Rural;-
Secundario Orientado;Secundario;Pública;16 - Secundario Orientado;1183;5001866;0;4195;0;4195-0;EL MOLINO;SAN RAFAEL;SAN RAFAEL;80%;Urbano marginal;-
Secundario Orientado;Secundario;Pública;14 - Secundario Orientado;1184;5001867;0;4196;0;4196-0;JUAN MIGUEL ESCUDERO;SAN RAFAEL;JAIME PRATS;80%;Rural;-
Secundario Técnico;Secundario;Pública;04 - Secundario Técnico;1185;5001868;0;4197;0;4197-0;ING. AGR. JULIO C. GATICA;SAN RAFAEL;VILLA ATUEL;110%;Rural marginal;-
Secundario Técnico;Secundario;Pública;04 - Secundario Técnico;1186;5001869;0;4198;0;4198-0;FRANCISCO GARCÍA;SAN RAFAEL;LAS MALVINAS;110%;Rural marginal;-
Secundario Orientado;Secundario;Pública;17 - Secundario Orientado;1187;5001870;0;4199;0;4199-0;MARÍA LUISA DEGNI;SANTA ROSA;LA DORMIDA;80%;Rural;-
Secundario Orientado;Secundario;Pública;12 - Secundario Orientado;1188;5001845;0;4200;0;4200-0;ALBERTO D. ERASO - Ranquil (8200);MALARGÜE;RANQUIL;110%;Rural frontera;-
Secundario Orientado;Secundario;Pública;03 - Secundario Orientado;1189;5001844;0;4201;0;4201-0;MAESTRO PAULO FREIRE;GUAYMALLÉN;EL SAUCE;80%;Rural;-
Secundario Orientado;Secundario;Pública;14 - Secundario Orientado;1190;5001965;0;4202;0;4202-0;RÍO ATUEL;GRAL. ALVEAR;GENERAL ALVEAR;60%;Urbano;-
Secundario Técnico;Secundario;Pública;02 - Secundario Técnico;1191;5002060;0;4203;0;4203-0;COLONIA LAS ROSAS;TUNUYÁN;COLONIA LAS ROSAS;80%;Rural;-
Secundario Orientado;Secundario;Pública;15 - Secundario Orientado;1192;5002047;0;4204;0;4204-0;INGENIERO MIGUEL NATALIO FIRPO;SAN CARLOS;EUGENIO BUSTOS;80%;Urbano;-
Secundario Orientado;Secundario;Pública;12 - Secundario Orientado;1193;5002054;0;4205;0;4205-0;EMBAJADOR PABLO NERUDA (8205);MALARGÜE;LA ESCONDIDA;110%;Rural frontera;-
Secundario Orientado;Secundario;Pública;12 - Secundario Orientado;1194;5002069;0;4206;0;4206-0;MAPU MAHUIDA (Esc. 8206);MALARGÜE;BARDAS BLANCAS;110%;Rural frontera;-
Secundario Orientado;Secundario;Pública;08 - Secundario Orientado;1195;5002045;0;4207;0;4207-0;RAÍCES HUARPES;LAVALLE;SAN JOSÉ;110%;Rural;-
Secundario Orientado;Secundario;Pública;17 - Secundario Orientado;1196;5002142;0;4209;0;4209-0;BLANCA NÉLIDA GUTIERREZ;SAN MARTÍN;BUEN ORDEN;80%;Marginal;-
Secundario Orientado;Secundario;Pública;18 - Secundario Orientado;1197;5002143;0;4210;0;4210-0;DR. NELSON MANDELA;CAPITAL;5º SECCION -  RESIDENCIAL SUR;10%;Urbano;-
Secundario Técnico;Secundario;Pública;02 - Secundario Técnico;1198;5002141;0;4211;0;4211-0;MAESTRO ÁNGEL OSCAR FUNES;SAN CARLOS;PAREDITAS;110%;Rural;-
Secundario Técnico;Secundario;Pública;02 - Secundario Técnico;1199;5002110;0;4212;0;4212-0;CAMILO CARBALLO;TUPUNGATO;CORDÓN DEL PLATA;110%;Urbano marginal;-
Secundario Técnico;Secundario;Pública;03 - Secundario Técnico;1200;5002150;0;4213;0;4213-0;HUMBERTO ANTONIO VALESTRA;SAN MARTÍN;ALTO SALVADOR;110%;Rural;-
Secundario Orientado;Secundario;Pública;15 - Secundario Orientado;1201;5002171;0;4214;0;4214-0;DISTRITO LOS ÁRBOLES;TUNUYÁN;LOS ARBOLES;110%;Rural;-
Secundario Orientado;Secundario;Pública;03 - Secundario Orientado;1202;5002152;0;4215;0;4215-0;BUENOS VECINOS;GUAYMALLÉN;COLONIA SEGOVIA;80%;Rural;-
Secundario Orientado;Secundario;Pública;07 - Secundario Orientado;1203;5002151;0;4216;0;4216-0;MANUEL NOLO TEJÓN Y MAGDA DE MEROLIS;LAS HERAS;EL RESGUARDO;80%;Urbano marginal;-
Secundario Orientado;Secundario;Pública;03 - Secundario Orientado;1204;5002153;0;4217;0;4217-0;LA PRIMAVERA;GUAYMALLÉN;LA PRIMAVERA;80%;Marginal;-
Secundario Orientado;Secundario;Pública;07 - Secundario Orientado;1205;5002172;0;4218;0;4218-0;PARQUE PROVINCIAL ACONCAGUA;LAS HERAS;LAS HERAS;10%;Urbano marginal;-
Secundario Orientado;Secundario;Pública;08 - Secundario Orientado;1206;5002173;0;4219;0;4219-0;ELIANA MOLINELLI;LAS HERAS;EL ALGARROBAL;80%;Urbano marginal;-
Secundario Orientado;Secundario;Pública;14 - Secundario Orientado;1207;5002174;0;4220;0;4220-0;NICOLÁS LUNA;GRAL. ALVEAR;LA MARZOLINA;80%;Urbano marginal;-
Secundario Orientado;Secundario;Pública;16 - Secundario Orientado;1208;5002175;0;4221;0;4221-0;VALENTÍN A. BIANCHI;SAN RAFAEL;CIUDAD;40%;Urbano;-
Secundario Orientado;Secundario;Pública;03 - Secundario Orientado;1209;5002176;0;4222;0;4222-0;MARÍA MARTHA ARENAS DE ZAPATA;GUAYMALLÉN;KM 8;80%;Urbano;-
Secundario Orientado;Secundario;Pública;11 - Secundario Orientado;1210;5002184;0;4223;0;4223-0;ANTONIO MATÍAS IRIARTE;TUPUNGATO;EL ZAMPAL;110%;Rural;-
Secundario Orientado;Secundario;Pública;08 - Secundario Orientado;1211;5002185;0;4224;0;4224-0;DR. TOMÁS LUIS APPUGLIESE;LAVALLE;VILLA TULUMAYA (CIUDAD);80%;Rural;-
Secundario Orientado;Secundario;Pública;05 - Secundario Orientado;1212;5002183;0;4225;0;4225-0;ANTONIO SARELLI;MAIPÚ;LUZURIAGA;10%;Urbano;-
Secundario Orientado;Secundario;Pública;18 - Secundario Orientado;1213;5002186;0;4226;0;4226-0;CÓNDOR DE LOS ANDES;CAPITAL;5º SECCION -  RESIDENCIAL SUR;10%;Urbano;-
Secundario Técnico;Secundario;Pública;04 - Secundario Técnico;1214;5002236;0;4227;0;4227-0;GUADALUPE DE LA FRONTERA (Esc 8227);MALARGÜE;LA ESCONDIDA;110%;Rural frontera;-
Secundario Técnico;Secundario;Pública;04 - Secundario Técnico;1215;5002225;0;4228;0;4228-0;INGENIERO EUGENIO IZSAKY;MALARGÜE;MALARGÜE;80%;Urbano;-
Secundario Orientado;Secundario;Pública;13 - Secundario Orientado;1216;5002231;0;4229;0;4229-0;DOCTOR HUMBERTO ANTONIO LAGIGLIA;SAN RAFAEL;CIUDAD;10%;Urbano marginal;-
Secundario Orientado;Secundario;Pública;16 - Secundario Orientado;1217;5002233;0;4230;0;4230-0;JOSÉ 'TICO' RUSSO;SAN RAFAEL;SAN RAFAEL;40%;Urbano;-
Secundario Orientado;Secundario;Pública;08 - Secundario Orientado;1218;5002224;0;4231;0;4231-0;PROF. ALBERTO D. CHALAR;LAVALLE;COSTA DE ARAUJO;80%;Rural;-
Secundario Orientado;Secundario;Pública;08 - Secundario Orientado;1219;5002279;0;4233;0;4233-0;ALTO DEL OLVIDO;LAVALLE;ALTO DEL OLVIDO;110%;Rural;-
Secundario Orientado;Secundario;Pública;15 - Secundario Orientado;1220;5002311;0;4234;0;4234-0;ING. AG. SILVIO JOSÉ LANATI;SAN CARLOS;LA CONSULTA;110%;Rural;-
Secundario Orientado;Secundario;Pública;13 - Secundario Orientado;1221;5002114;0;4235;0;4235-0;EDUARDO PLATERO;SAN RAFAEL;CIUDAD;80%;Urbano marginal;-
Secundario Orientado;Secundario;Pública;10 - Secundario Orientado;1222;5002333;0;4236;0;4236-0;PROFESORA PATRICIA NOEMÍ PRADES;RIVADAVIA;REDUCCIÓN DE ABAJO;110%;Rural;-
Secundario Orientado;Secundario;Pública;10 - Secundario Orientado;1223;5002313;0;4237;0;4237-0;JOSÉ GABRIEL BROCHERO;SANTA ROSA;12 DE OCTUBRE;110%;Rural;-
Secundario Orientado;Secundario;Pública;01 - Secundario Orientado;1224;5002360;0;4238;0;4238-0;PROFESORA SILVIA CATALLINI;CAPITAL;CIUDAD;80%;Urbano marginal;-
Secundario Técnico;Secundario;Pública;04 - Secundario Técnico;1225;5002387;0;4239;0;4239-0;CERRO EL SOSNEADO (Esc. 8239);SAN RAFAEL;EL SOSNEADO;110%;Rural frontera;-
Secundario Orientado;Secundario;Pública;05 - Secundario Orientado;1226;5002388;0;4240;0;4240-0;PROFESORA SILVIA MARTÍNEZ DE RUIZ;MAIPÚ;FRAY LUIS BELTRÁN;110%;Rural;-
Secundario Orientado;Secundario;Pública;13 - Secundario Orientado;1227;5002390;0;4241;0;4241-0;S/NOMBRE;SAN RAFAEL;LAS PAREDES;80%;Rural;-
Secundario Orientado;Secundario;Pública;09 - Secundario Orientado;1228;5002458;0;4242;0;4242-0;EDUARDO GALEANO;SAN MARTÍN;LAS CHIMBAS;110%;Rural;-
Secundario Orientado;Secundario;Pública;10 - Secundario Orientado;1229;5002462;0;4243;0;4243-0;MATILDE RIVERO;JUNIN;LOS BARRIALES;110%;Rural;-
Secundario Orientado;Secundario;Pública;14 - Secundario Orientado;1230;5002431;0;4244;0;4244-0;GRISELDA GUILLÉN;SAN RAFAEL;REAL DEL PADRE;110%;Rural;-
Secundario Orientado;Secundario;Pública;12 - Secundario Orientado;1231;5002420;0;4245;0;4245-0;JOSÉ DOMINGO BRANDONI;SAN RAFAEL;LAS PAREDES;80%;Rural marginal;-
Secundario Técnico;Secundario;Pública;04 - Secundario Técnico;1232;5002432;0;4246;0;4246-0;EL CERRITO;SAN RAFAEL;EL CERRITO;80%;Rural;-
Secundario Orientado;Secundario;Pública;15 - Secundario Orientado;1233;5002419;0;4247;0;4247-0;ALFREDO VICENTE;TUNUYÁN;CAMPO DE LOS ANDES;110%;Rural;-
Secundario Orientado;Secundario;Pública;17 - Secundario Orientado;1234;5002433;0;4248;0;4248-0;EL DIVISADERO;SAN MARTÍN;DIVISADERO;110%;Rural;-
Secundario Orientado;Secundario;Pública;17 - Secundario Orientado;1235;5002427;0;4249;0;4249-0;JORGE MARIO BERGOGLIO;JUNIN;ALGARROBO GRANDE;80%;Rural;-
Secundario Orientado;Secundario;Pública;08 - Secundario Orientado;1236;5002456;0;4250;0;4250-0;ALGARROBAL DE ABAJO;LAS HERAS;EL ALGARROBAL;80%;Rural;-
Secundario Orientado;Secundario;Pública;10 - Secundario Orientado;1237;5002460;0;4251;0;4251-0;ANDREA ANALÍA AGUIRRE;RIVADAVIA;ANDRADE;80%;Rural;-
Secundario Orientado;Secundario;Pública;09 - Secundario Orientado;1238;5002461;0;4252;0;4252-0;PUESTO VIEJO;SAN MARTÍN;EL CENTRAL;110%;Rural;-
Secundario Orientado;Secundario;Pública;17 - Secundario Orientado;1239;5002459;0;4253;0;4253-0;PROFESORA AURORA ANGELICA TORRES;SAN MARTÍN;MONTECASEROS;110%;Rural;-
Secundario Orientado;Secundario;Pública;08 - Secundario Orientado;1240;5002467;0;4254;0;4254-0;CAYE HANE;LAVALLE;SAN MIGUEL;110%;Rural frontera;-
Secundario Técnico;Secundario;Pública;01 - Secundario Técnico;1241;5002510;0;4255;0;4255-0;ALBERTO VICTORIO ZUCCARDI;MAIPÚ;FRAY LUIS BELTRÁN;110%;Rural;-
Secundario Orientado;Secundario;Pública;11 - Secundario Orientado;1242;5002512;0;4256;0;4256-0;OJO DE AGUA;TUPUNGATO;LA ARBOLEDA;110%;Rural;-
Secundario Orientado;Secundario;Pública;05 - Secundario Orientado;1243;5002570;0;4257;0;4257-0;PROFESOR LUIS RODRÍGUEZ NIEVAS;MAIPÚ;RODEO DEL MEDIO;80%;Rural;-
Secundario Orientado;Secundario;Pública;09 - Secundario Orientado;1244;5002703;0;4259;0;4259-0;S/NOMBRE;RIVADAVIA;SANTA MARÍA DE ORO;80%;Rural;-
Secundario Orientado;Secundario;Pública;11 - Secundario Orientado;1245;5002708;0;4260;0;4260-0;ALMA DE MONTAÑA;TUPUNGATO;LA CARRERA;110%;Rural;-
Secundario Orientado;Secundario;Pública;05 - Secundario Orientado;1246;5002734;0;4261;0;4261-0;PRESIDENTE RAÚL RICARDO ALFONSÍN;MAIPÚ;MAIPÚ;10%;Urbano;-
Secundario Orientado;Secundario;Pública;05 - Secundario Orientado;1247;5002791;0;4262;0;4262-0;REPÚBLICA DEL LÍBANO;MAIPÚ;RODEO DEL MEDIO;80%;Urbano marginal;-
Secundario Orientado;Secundario;Pública;08 - Secundario Orientado;1403;5002572;0;4258;0;4258-0;ESPERANZA DE LAGUNAS;LAVALLE;LAGUNA DEL ROSARIO;110%;Rural;-
Secundario Orientado;Secundario;Pública;17 - Secundario Orientado;1442;5000548;0;9001;0;9001-0;GRAL. JOSÉ DE SAN MARTÍN;SAN MARTÍN;SAN MARTÍN;40%;Urbano;-
Secundario Orientado;Secundario;Pública;18 - Secundario Orientado;1443;5000777;0;9002;0;9002-0;NORMAL TOMÁS GODOY CRUZ;CAPITAL;2º SECCION - RESIDENCIAL BARRIO CIVICO;10%;Urbano;-
Secundario Orientado;Secundario;Pública;13 - Secundario Orientado;1444;5001064;0;9003;0;9003-0;MERCEDES T.S.M. DE BALCARCE;SAN RAFAEL;SAN RAFAEL - CIUDAD;10%;Urbano;-
Secundario Orientado;Secundario;Pública;15 - Secundario Orientado;1445;5000982;0;9004;0;9004-0;TORIBIO LUZURIAGA;TUNUYÁN;TUNUYÁN;40%;Urbano;-
Secundario Orientado;Secundario;Pública;10 - Secundario Orientado;1446;5001364;0;9006;0;9006-0;PROF. FRANCISCO H. TOLOSA;RIVADAVIA;RIVADAVIA;40%;Urbano;-
Secundario Técnico;Secundario;Pública;04 - Secundario Técnico;1584;5001869;1;E198;0;E198-0;LAS MALVINAS ANEXO PUNTA DEL AGUA;SAN RAFAEL;PUNTA DE AGUA;110%;Rural;-
Secundario Orientado;Secundario;Privada;03 - Secundario Orientado Privada;1947;5000056;0;S001;0;S001-0;DON BOSCO;CAPITAL;3º SECCION - PARQUE O'HIGGINS;10%;Urbano;-
Secundario Orientado;Secundario;Privada;03 - Secundario Orientado Privada;1948;5001282;0;S002;0;S002-0;MARÍA AUXILIADORA;CAPITAL;1º SECCION - PARQUE CENTRAL;-;Urbano;-
Secundario Orientado;Secundario;Privada;03 - Secundario Orientado Privada;1949;5000785;0;S003;0;S003-0;SAN BUENAVENTURA;CAPITAL;1º SECCION - PARQUE CENTRAL;-;Urbano;-
Secundario Orientado;Secundario;Privada;03 - Secundario Orientado Privada;1950;5001281;0;S004;0;S004-0;SAN JOSÉ HNOS. MARISTAS;CAPITAL;6º SECCION - RESIDENCIAL NORTE;Sin Zona;Urbano;-
Secundario Orientado;Secundario;Privada;03 - Secundario Orientado Privada;1951;5001350;0;S005;0;S005-0;NTRA. SEÑORA DEL ROSARIO;LAVALLE;VILLA TULUMAYA (CIUDAD);50%;Urbano;-
Secundario Orientado;Secundario;Privada;02 - Secundario Orientado Privada;1952;5000018;0;S006;0;S006-0;PADRE CLARET;CAPITAL;5º SECCION -  RESIDENCIAL SUR;-;Urbano;-
Secundario Orientado;Secundario;Privada;03 - Secundario Orientado Privada;1953;5000780;0;S007;0;S007-0;SAGRADO CORAZÓN;CAPITAL;3º SECCION - PARQUE O'HIGGINS;-;Urbano;-
Secundario Orientado;Secundario;Privada;03 - Secundario Orientado Privada;1954;5001280;0;S008;0;S008-0;SANTO TOMÁS DE AQUINO;CAPITAL;4º SECCION;Sin Zona;Urbano;-
Secundario Orientado;Secundario;Privada;02 - Secundario Orientado Privada;1955;5000011;0;S009;0;S009-0;NTRA. SRA. DE LA MISERICORDIA;CAPITAL;2º SECCION - RESIDENCIAL BARRIO CIVICO;-;Urbano;-
Secundario Orientado;Secundario;Privada;03 - Secundario Orientado Privada;1956;5000013;0;S010;0;S010-0;SAN LUIS GONZAGA;CAPITAL;2º SECCION - RESIDENCIAL BARRIO CIVICO;10%;Urbano;-
Secundario Orientado;Secundario;Privada;01 - Secundario Orientado Privada;1957;5000085;0;S011;0;S011-0;SANTA MARÍA DE LOS ANGELES;GUAYMALLÉN;VILLA NUEVA;10%;Urbano;-
Secundario Orientado;Secundario;Privada;03 - Secundario Orientado Privada;1958;5000795;0;S012;0;S012-0;COMPAÑÍA DE MARÍA;CAPITAL;4º SECCION;Sin Zona;Urbano;-
Secundario Orientado;Secundario;Privada;03 - Secundario Orientado Privada;1959;5000801;0;S013;0;S013-0;SAN PEDRO NOLASCO;CAPITAL;3º SECCION - PARQUE O'HIGGINS;10%;Urbano;-
Secundario Orientado;Secundario;Privada;03 - Secundario Orientado Privada;1960;5000798;0;S014;0;S014-0;XXI DE ABRIL;GUAYMALLÉN;SAN JOSÉ;10%;Urbano;-
Secundario Orientado;Secundario;Privada;01 - Secundario Orientado Privada;1961;5001989;0;S015;0;S015-0;MARÍA MONTESSORI;GUAYMALLÉN;VILLA NUEVA;Sin Zona;Urbano;-
Secundario Orientado;Secundario;Privada;02 - Secundario Orientado Privada;1962;5000021;0;S016;0;S016-0;SAN ANDRÉS;CAPITAL;5º SECCION -  RESIDENCIAL SUR;Sin Zona;Urbano;-
Secundario Orientado;Secundario;Privada;07 - Secundario Orientado Privada;1963;5000594;0;S018;0;S018-0;COMPAÑÍA DE MARÍA;GODOY CRUZ;GODOY CRUZ;10%;Urbano;-
Secundario Orientado;Secundario;Privada;01 - Secundario Orientado Privada;1964;5000191;0;S019;0;S019-0;SAN JOSE HERMANAS DOMINICAS;GUAYMALLÉN;SAN JOSÉ;-;Urbano;-
Secundario Técnico;Secundario;Privada;-;1965;5001147;0;S021;0;S021-0;DON BOSCO;MAIPÚ;RODEO DEL MEDIO;-;Urbano;-
Secundario Orientado;Secundario;Privada;04 - Secundario Orientado Privada;1966;5000257;0;S022;0;S022-0;MARÍA AUXILIADORA;MAIPÚ;RODEO DEL MEDIO;Sin Zona;Urbano;-
Secundario Orientado;Secundario;Privada;04 - Secundario Orientado Privada;1967;5001143;0;S023;0;S023-0;PADRE VÁSQUEZ;MAIPÚ;MAIPÚ;10%;Urbano;-
Secundario Orientado;Secundario;Privada;04 - Secundario Orientado Privada;1969;5001356;0;S026;0;S026-0;SAN VICENTE DE PAUL;SAN MARTÍN;SAN MARTÍN;10%;Urbano;-
Secundario Orientado;Secundario;Privada;02 - Secundario Orientado Privada;1970;5000059;0;S027;0;S027-0;PABLO BESSON;CAPITAL;3º SECCION - PARQUE O'HIGGINS;10%;Urbano;-
Secundario Orientado;Secundario;Privada;06 - Secundario Orientado Privada;1971;5001066;0;S029;0;S029-0;INSTITUTO DEL CARMEN;SAN RAFAEL;SAN RAFAEL - CIUDAD;Sin Zona;Urbano;-
Secundario Orientado;Secundario;Privada;06 - Secundario Orientado Privada;1972;5001253;0;S030;0;S030-0;SAN ANTONIO;GRAL. ALVEAR;GENERAL ALVEAR;-;Urbano;-
Secundario Orientado;Secundario;Privada;04 - Secundario Orientado Privada;1973;5000301;0;S032;0;S032-0;INSTITUTO CASA DE MARÍA;RIVADAVIA;CIUDAD;10%;Urbano;-
Secundario Orientado;Secundario;Privada;04 - Secundario Orientado Privada;1974;5000756;0;S033;0;S033-0;SAN FRANCISCO JAVIER;MAIPÚ;LUZURIAGA;-;Urbano;-
Secundario Orientado;Secundario;Privada;01 - Secundario Orientado Privada;1975;5001330;0;S034;0;S034-0;COLEGIO LOS OLIVOS;GUAYMALLÉN;VILLA NUEVA;-;Urbano;-
Secundario Orientado;Secundario;Privada;05 - Secundario Orientado Privada;1977;5000991;0;S036;0;S036-0;DEL NIÑO JESÚS;TUNUYÁN;TUNUYÁN;10%;Urbano;-
Secundario Orientado;Secundario;Privada;07 - Secundario Orientado Privada;1978;5001953;0;S037;0;S037-0;INTEGRAL DEL HUERTO;GODOY CRUZ;GOBERNADOR BENEGAS;Sin Zona;Urbano;-
Secundario Orientado;Secundario;Privada;01 - Secundario Orientado Privada;1979;5000103;0;S038;0;S038-0;INSTITUTO LEONARDO MURIALDO;GUAYMALLÉN;VILLA NUEVA;Sin Zona;Urbano;-
Secundario Orientado;Secundario;Privada;02 - Secundario Orientado Privada;1980;5001978;0;S039;0;S039-0;INSTITUTO NADINO;CAPITAL;6º SECCION - RESIDENCIAL NORTE;-;Urbano;-
Secundario Técnico;Secundario;Privada;04 - Secundario Orientado Privada;1981;5001975;0;S040;0;S040-0;SAGRADA FAMILIA;MAIPÚ;RODEO DEL MEDIO;50%;Rural;-
Secundario Orientado;Secundario;Privada;05 - Secundario Orientado Privada;1983;5000936;0;S042;0;S042-0;SANTA MARÍA GORETTI;LUJÁN DE CUYO;MAYOR DRUMMOND;10%;Urbano;-
Secundario Orientado;Secundario;Privada;04 - Secundario Orientado Privada;1984;5001974;0;S043;0;S043-0;SAN PIO X;SAN MARTÍN;SAN MARTÍN;Sin Zona;Urbano;-
Secundario Orientado;Secundario;Privada;02 - Secundario Orientado Privada;1985;5001279;0;S046;0;S046-0;I.C.E.I INSTITUTO CUYANO DE ED. INTEGR;CAPITAL;1º SECCION - PARQUE CENTRAL;-;Urbano;-
Secundario Orientado;Secundario;Privada;04 - Secundario Orientado Privada;1986;5000565;0;S047;0;S047-0;INST. MAIPÚ DE EDUC. INTEGRAL;MAIPÚ;MAIPÚ;-;Urbano;-
Secundario Orientado;Secundario;Privada;01 - Secundario Orientado Privada;1987;5002017;0;S050;0;S050-0;SANTA TERESITA;GUAYMALLÉN;SAN JOSÉ;20%;Urbano;-
Secundario Orientado;Secundario;Privada;04 - Secundario Orientado Privada;1988;5001353;0;S051;0;S051-0;NUESTRA SEÑORA DEL SANTISIMO ROSARIO;JUNIN;ALGARROBO GRANDE;50%;Rural;-
Secundario Orientado;Secundario;Privada;02 - Secundario Orientado Privada;1989;5001972;0;S053;0;S053-0;PADRE JOSÉ MARÍA LLORENS;CAPITAL;6º SECCION - RESIDENCIAL NORTE;50%;Urbano marginal;-
Secundario Orientado;Secundario;Privada;06 - Secundario Orientado Privada;1990;5002021;0;S056;0;S056-0;S.ANTONIO DE PADUA;SAN RAFAEL;CIUDAD;20%;Urbano;-
Secundario Orientado;Secundario;Privada;05 - Secundario Orientado Privada;1991;5001241;0;S057;0;S057-0;SANTA ROSA DE LIMA;SAN CARLOS;LA CONSULTA;-;Urbano;-
Secundario Orientado;Secundario;Privada;07 - Secundario Orientado Privada;1992;5002031;0;S058;0;S058-0;MONSEÑOR SCALABRINI;GUAYMALLÉN;DORREGO;-;Urbano;-
Secundario Orientado;Secundario;Privada;02 - Secundario Orientado Privada;1993;5000802;0;S059;0;S059-0;ADVENTISTA VÍCTOR AMPUERO MATTA;CAPITAL;5º SECCION -  RESIDENCIAL SUR;-;Urbano;-
Secundario Orientado;Secundario;Privada;06 - Secundario Orientado Privada;1994;5001089;0;S061;0;S061-0;SOTERO SIMON ARIZU;SAN RAFAEL;VILLA ATUEL;40%;Urbano;-
Secundario Orientado;Secundario;Privada;03 - Secundario Orientado Privada;1995;5001950;0;S063;0;S063-0;ESCUELA CRISTIANA EVANGÉLICA MENDOZA;CAPITAL;5º SECCION -  RESIDENCIAL SUR;10%;Urbano;-
Secundario Orientado;Secundario;Privada;04 - Secundario Orientado Privada;1996;5001114;0;S066;0;S066-0;NUESTRA SEÑORA DEL LÍBANO;SAN MARTÍN;SAN MARTÍN;10%;Urbano;-
Secundario Orientado;Secundario;Privada;03 - Secundario Orientado Privada;1998;5000791;0;S068;0;S068-0;NUESTRA SEÑORA DEL ROSARIO DE POMPEYA;CAPITAL;4º SECCION;-;Urbano;-
Secundario Orientado;Secundario;Privada;01 - Secundario Orientado Privada;1999;5000193;0;S069;0;S069-0;DR. ALBERTO SCHWEITZER;GUAYMALLÉN;SAN JOSÉ;10%;Urbano;-
Secundario Orientado;Secundario;Privada;01 - Secundario Orientado Privada;2001;5000074;0;S072;0;S072-0;INSTITUTO SAGRADA FAMILIA;GUAYMALLÉN;VILLA NUEVA;-;Urbano;-
Secundario Orientado;Secundario;Privada;05 - Secundario Orientado Privada;2003;5002009;0;S074;0;S074-0;COMPAÑÍA DE MARÍA;TUPUNGATO;TUPUNGATO;50%;Urbano;-
Secundario Orientado;Secundario;Privada;04 - Secundario Orientado Privada;2005;5001144;0;S076;0;S076-0;VIRGEN DEL C. DE CUYO;MAIPÚ;MAIPÚ;-;Urbano;-
Secundario Orientado;Secundario;Privada;05 - Secundario Orientado Privada;2006;5000938;0;S078;0;S078-0;INSTITUTO SAN PABLO;LUJÁN DE CUYO;MAYOR DRUMMOND;50%;Urbano;-
Secundario Orientado;Secundario;Privada;02 - Secundario Orientado Privada;2007;5000753;0;S079;0;S079-0;CORAZÓN DE MARÍA;CAPITAL;5º SECCION -  RESIDENCIAL SUR;Sin Zona;Urbano;-
Secundario Orientado;Secundario;Privada;07 - Secundario Orientado Privada;2009;5001970;0;S082;0;S082-0;PADRE JOSÉ MULLNER;GODOY CRUZ;VILLA DEL PARQUE;20%;Urbano marginal;-
Secundario Orientado;Secundario;Privada;07 - Secundario Orientado Privada;2011;5000626;0;S084;0;S084-0;PADRE VALENTÍN BONETTI;GODOY CRUZ;VILLA HIPODROMO;10%;Urbano;-
Secundario Orientado;Secundario;Privada;05 - Secundario Orientado Privada;2012;5001237;0;S086;0;S086-0;NTRA. SRA DEL HUERTO;SAN CARLOS;EUGENIO BUSTOS;10%;Urbano;-
Secundario Orientado;Secundario;Privada;04 - Secundario Orientado Privada;2014;5000524;0;S090;0;S090-0;INST.RODEO DEL MEDIO;MAIPÚ;RODEO DEL MEDIO;-;Urbano;-
Secundario Orientado;Secundario;Privada;03 - Secundario Orientado Privada;2015;5000768;0;S091;0;S091-0;INSTITUTO SUPERIOR HUMBERTO DE PAOLIS;CAPITAL;2º SECCION - RESIDENCIAL BARRIO CIVICO;Sin Zona;Urbano;-
Secundario Orientado;Secundario;Privada;06 - Secundario Orientado Privada;2016;5001067;0;S092;0;S092-0;ISABEL LA CATOLICA;SAN RAFAEL;LAS PAREDES;40%;Rural;-
Secundario Orientado;Secundario;Privada;02 - Secundario Orientado Privada;2017;5000869;0;S093;0;S093-0;INSTITUTO SAN MIGUEL;LAS HERAS;LAS HERAS;10%;Urbano;-
Secundario Orientado;Secundario;Privada;04 - Secundario Orientado Privada;2018;5001352;0;S095;0;S095-0;MEDALLA MILAGROSA;JUNIN;JUNIN;Sin Zona;Urbano;-
Secundario Orientado;Secundario;Privada;07 - Secundario Orientado Privada;2019;5001310;0;S097;0;S097-0;I.S.E.P.;GODOY CRUZ;GODOY CRUZ;10%;Urbano;-
Secundario Orientado;Secundario;Privada;04 - Secundario Orientado Privada;2020;5001973;0;S098;0;S098-0;COLEGIO NUESTRA SEÑORA DE LA COMPASIÓN;SAN MARTÍN;PALMIRA;30%;Urbano;-
Secundario Orientado;Secundario;Privada;01 - Secundario Orientado Privada;2021;5001928;0;S099;0;S099-0;CENTRO EDUCATIVO DIOS PADRE;GUAYMALLÉN;LOS CORRALITOS;-;Urbano;-
Secundario Orientado;Secundario;Privada;05 - Secundario Orientado Privada;2024;5001971;0;S107;0;S107-0;SAN NICOLÁS;LUJÁN DE CUYO;CHACRAS DE CORIA;Sin Zona;Urbano;-
Secundario Orientado;Secundario;Privada;05 - Secundario Orientado Privada;2025;5000931;0;S109;0;S109-0;LAS CANDELAS;LUJÁN DE CUYO;CHACRAS DE CORIA;-;Urbano;-
Secundario Orientado;Secundario;Privada;01 - Secundario Orientado Privada;2027;5001979;0;S113;0;S113-0;TOMÁS ALVA EDISON;GUAYMALLÉN;BUENA NUEVA;-;Urbano;-
Secundario Orientado;Secundario;Privada;07 - Secundario Orientado Privada;2029;5000618;0;S119;0;S119-0;ESCUELA TÉCNICA ECOLÓGICA AMBIENTALISTA;GODOY CRUZ;LAS TORTUGAS;Sin Zona;Urbano;-
Secundario Orientado;Secundario;Privada;06 - Secundario Orientado Privada;2033;5002032;0;S127;0;S127-0;CENTRO COMUNITARÍO RURAL EVANGÉLICO;MALARGÜE;LA ESCONDIDA;110%;Rural;-
Secundario Orientado;Secundario;Privada;07 - Secundario Orientado Privada;2034;5000030;0;S129;0;S129-0;ECOVIDA;GODOY CRUZ;GODOY CRUZ;Sin Zona;Urbano;-
Secundario Orientado;Secundario;Privada;02 - Secundario Orientado Privada;2035;5001951;0;S130;0;S130-0;INMACULADO CORAZÓN DE MARÍA;CAPITAL;CIUDAD;50%;Urbano marginal;-
Secundario Orientado;Secundario;Privada;07 - Secundario Orientado Privada;2037;5000635;0;S132;0;S132-0;SAN JORGE;GODOY CRUZ;VILLA HIPODROMO;-;Urbano;-
Secundario Orientado;Secundario;Privada;03 - Secundario Orientado Privada;2039;5002012;0;S136;0;S136-0;S.T.R.O.B.E.R.I.;CAPITAL;2º SECCION - RESIDENCIAL BARRIO CIVICO;Sin Zona;Urbano;-
Secundario Orientado;Secundario;Privada;01 - Secundario Orientado Privada;2041;5002041;0;S161;0;S161-0;CLAVE DE SOL;GUAYMALLÉN;SAN JOSÉ;Sin Zona;Urbano;-
Secundario Orientado;Secundario;Privada;06 - Secundario Orientado Privada;2042;5002078;0;S164;0;S164-0;SAN JOSÉ;MALARGÜE;MALARGÜE;10%;Urbano;-
Secundario Orientado;Secundario;Privada;06 - Secundario Orientado Privada;2043;5002230;0;S176;0;S176-0;SANTO TOMÁS MORO;GRAL. ALVEAR;GENERAL ALVEAR;Sin Zona;Rural;-
Secundario Orientado;Secundario;Privada;06 - Secundario Orientado Privada;2044;5002146;0;S178;0;S178-0;SANTA TERESITA DEL NIÑO JESÚS;SAN RAFAEL;TOLEDANO;10%;Urbano;-
Secundario Orientado;Secundario;Privada;06 - Secundario Orientado Privada;2045;5001234;0;S182;0;S182-0;DON JOSÉ FCO DE SAN MARTÍN;GRAL. ALVEAR;GENERAL ALVEAR;Sin Zona;Urbano;-
Secundario Orientado;Secundario;Privada;05 - Secundario Orientado Privada;2046;5000277;0;S201;0;S201-0;MARÍA AUXILIADORA;LUJÁN DE CUYO;PERDRIEL;10%;Rural;-
Secundario Orientado;Secundario;Privada;02 - Secundario Orientado Privada;2047;5000742;0;S202;0;S202-0;SAN ANTONIO MARÍA CLARET;CAPITAL;5º SECCION -  RESIDENCIAL SUR;50%;Urbano marginal;-
Secundario Orientado;Secundario;Privada;05 - Secundario Orientado Privada;2048;5000715;0;S203;0;S203-0;SAN JUAN BOSCO;SAN CARLOS;EUGENIO BUSTOS;-;Urbano;-
Secundario Orientado;Secundario;Privada;05 - Secundario Orientado Privada;2050;5001244;0;S205;0;S205-0;Instituto de Enseñanza Secundaria La Consulta P.S 205;SAN CARLOS;LA CONSULTA;10%;Urbano;-
Secundario Orientado;Secundario;Privada;05 - Secundario Orientado Privada;2052;5000437;0;S207;0;S207-0;PIO X;TUNUYÁN;TUNUYÁN;10%;Urbano;-
Secundario Orientado;Secundario;Privada;06 - Secundario Orientado Privada;2053;5001248;0;S208;0;S208-0;INSTITUTO SECUNDARIO MALARGÜE;MALARGÜE;MALARGÜE;10%;Urbano;-
Secundario Orientado;Secundario;Privada;07 - Secundario Orientado Privada;2054;5001156;0;S210;0;S210-0;INSTITUTO SAN VICENTE FERRER;GODOY CRUZ;GODOY CRUZ;-;Urbano;-
Secundario Orientado;Secundario;Privada;01 - Secundario Orientado Privada;2058;5000845;0;S214;0;S214-0;INST. AUGUSTO SALINAS;GUAYMALLÉN;VILLA NUEVA;Sin Zona;Urbano;-
Secundario Orientado;Secundario;Privada;06 - Secundario Orientado Privada;2059;5001194;0;S215;0;S215-0;ALFREDO R BUFANO;SAN RAFAEL;LAS PAREDES;-;Rural;-
Secundario Orientado;Secundario;Privada;06 - Secundario Orientado Privada;2061;5001320;0;S218;0;S218-0;LA BUENA MADRE;SAN RAFAEL;ISLA DIAMANTE;10%;Urbano;-
Secundario Orientado;Secundario;Privada;07 - Secundario Orientado Privada;2062;5000883;0;S219;0;S219-0;BEATO JUAN BAUTISTA SCALABRINI;GUAYMALLÉN;GUAYMALLEN;-;Urbano;-
Secundario Orientado;Secundario;Privada;04 - Secundario Orientado Privada;2063;5002014;0;S223;0;S223-0;SANTA CLARA;MAIPÚ;MAIPÚ;10%;Urbano;-
Secundario Orientado;Secundario;Privada;07 - Secundario Orientado Privada;2064;5002234;0;S227;0;S227-0;CLUB DEPORTIVO ANTONIO TOMBA;GODOY CRUZ;GODOY CRUZ;-;Urbano;-
Secundario Orientado;Secundario;Pública;10 - Secundario Orientado;2411;5002116;0;4208;0;4208-0;PROF. FRANCISCO JAVIER DOMINGUEZ;JUNIN;JUNIN;80%;Urbano marginal;-
Secundario Orientado;Secundario;Pública;06 - Secundario Orientado;2412;5002232;0;4232;0;4232-0;TERESA GHILARDI DE MARTÍN;LUJÁN DE CUYO;PERDRIEL;80%;Rural;-
Secundario Orientado;Secundario;Privada;07 - Secundario Orientado Privada;2577;5001311;0;S073;0;S073-0;DR. NICOLÁS AVELLANEDA;GODOY CRUZ;GODOY CRUZ;10%;Urbano;-
Secundario Orientado;Secundario;Privada;06 - Secundario Orientado Privada;2666;5001075;0;S028;0;S028-0;"INSTITUTO ""SAN RAFAEL""- PS-028 ";SAN RAFAEL;SAN RAFAEL - CIUDAD;-;Urbano;-
Secundario Orientado;Secundario;Privada;01 - Secundario Orientado Privada;2667;5000096;0;S048;0;S048-0;INSTITUTO PROFESOR ARLINGTON LUCERO;GUAYMALLÉN;CAPILLA DEL ROSARIO;10%;Urbano;-
Secundario Orientado;Secundario;Privada;07 - Secundario Orientado Privada;2668;5001162;0;S049;0;S049-0;NUESTRA SEÑORA DEL ROSARIO;GODOY CRUZ;GODOY CRUZ;10%;Urbano;-
Secundario Orientado;Secundario;Privada;01 - Secundario Orientado Privada;2669;5001278;0;S052;0;S052-0;ESCUELA NIÑOS CANTORES Y BACHILLERATO ARTÍSTICO MUSICAL DE MENDOZA;GUAYMALLÉN;GENERAL BELGRANO;Sin Zona;Urbano;-
Secundario Orientado;Secundario;Privada;01 - Secundario Orientado Privada;2670;5001381;0;S062;0;S062-0;PORTEZUELO;GUAYMALLÉN;VILLA NUEVA;-;Urbano;-
Secundario Orientado;Secundario;Privada;05 - Secundario Orientado Privada;2671;5001897;0;S065;0;S065-0;ESCUELA CRISTIANA EVANGÉLICA ARGENTINA;TUPUNGATO;TUPUNGATO;50%;Urbano;-
Secundario Orientado;Secundario;Privada;01 - Secundario Orientado Privada;2675;5000844;0;S105;0;S105-0;NTRA. SRA. DE LA CONSOLATA;GUAYMALLÉN;SAN JOSÉ;-;Urbano;-
Secundario Orientado;Secundario;Privada;01 - Secundario Orientado Privada;2676;5001312;0;S112;0;S112-0;FENIX;GUAYMALLÉN;SAN JOSÉ;10%;Urbano;-
Secundario Orientado;Secundario;Privada;01 - Secundario Orientado Privada;2677;5000898;0;S116;0;S116-0;SANTA ROSA DE LIMA;GUAYMALLÉN;RODEO DE LA CRUZ;-;Urbano;-
Secundario Orientado;Secundario;Privada;07 - Secundario Orientado Privada;2678;5002018;0;S124;0;S124-0;RAINBOW;GODOY CRUZ;GODOY CRUZ;Sin Zona;Urbano;-
Secundario Orientado;Secundario;Privada;07 - Secundario Orientado Privada;2679;5001411;0;S137;0;S137-0;COLEGIO FUNDACIÓN ANTONIO TOMBA;GODOY CRUZ;GODOY CRUZ;10%;Urbano;-
Secundario Orientado;Secundario;Privada;02 - Secundario Orientado Privada;2680;5002024;0;S139;0;S139-0;LUMEN DE SAN JOSÉ DE CALASANZ;CAPITAL;CIUDAD;-;Urbano;-
Secundario Orientado;Secundario;Privada;03 - Secundario Orientado Privada;2681;5001988;0;S143;0;S143-0;SAN GABRIEL;CAPITAL;CIUDAD;-;Urbano;-
Secundario Orientado;Secundario;Privada;02 - Secundario Orientado Privada;2682;5002026;0;S274;0;S274-0;ANDINO;CAPITAL;CIUDAD;-;Urbano;-
Secundario Orientado;Secundario;Privada;06 - Secundario Orientado Privada;2683;5002137;0;S221;0;S221-0;SANTA MARÍA DEL VALLE GRANDE;SAN RAFAEL;CIUDAD;-;-;-
Secundario Orientado;Secundario;Privada;06 - Secundario Orientado Privada;2684;5001990;0;S222;0;S222-0;PROYECTAR;SAN RAFAEL;SAN RAFAEL;Sin Zona;-;-
Secundario Orientado;Secundario;Privada;04 - Secundario Orientado Privada;2685;5002257;0;S232;0;S232-0;CENTRO DE FORMACIÓN RURAL LAS RETAMAS - Fund. Pedro Antonio Marzano;MAIPÚ;CRUZ DE PIEDRA;Sin Zona;Rural;-
Secundario Orientado;Secundario;Privada;06 - Secundario Orientado Privada;2686;5002603;0;S233;0;S233-0;REDENTOR;SAN RAFAEL;SAN RAFAEL - CIUDAD;10%;Urbano;-
Secundario Orientado;Secundario;Privada;05 - Secundario Orientado Privada;3192;5002647;0;S235;0;S235-0;COLEGIO PRIVADO EL NOGAL;LUJÁN DE CUYO;CARRODILLA;Sin Zona;Urbano;-
Secundario Orientado;Secundario;Privada;05 - Secundario Orientado Privada;3204;5002718;0;S241;0;S241-0;Santa Teresita de Lisieux;LUJÁN DE CUYO;LUJÁN (CIUDAD);-;-;-
Secundario Orientado;Secundario;Privada;03 - Secundario Orientado Privada;3210;5002762;0;S141;0;S141-0;COLEGIO SANTA MARÍA BELÉN;LAS HERAS;EL PLUMERILLO;50%;Urbano marginal;-
Secundario Orientado;Secundario;Privada;05 - Secundario Orientado Privada;3321;5002532;0;S225;0;S225-0;SAN JORGE;LUJÁN DE CUYO;CHACRAS DE CORIA;Sin Zona;Urbano;-
Secundario Orientado;Secundario;Privada;07 - Secundario Orientado Privada;3513;5002763;0;S146;0;S146-0;Colegio de las Artes;GODOY CRUZ;GODOY CRUZ;Sin Zona;Urbano;-
Secundario Orientado;Secundario;Privada;03 - Secundario Orientado Privada;4394;5002847;0;S100;0;S100-0;CHAMPAGNAT;LAS HERAS;EL CHALLAO;50%;-;-
Secundario Orientado;Secundario;Privada;07 - Secundario Orientado Privada;4989;5002877;0;S253;0;S253-0;PAPA FRANCISCO;GODOY CRUZ;GODOY CRUZ;-;-;-
Secundario Orientado;Secundario;Privada;06 - Secundario Orientado Privada;5041;5002887;0;S242;0;S242-0;SAGRADA FAMILIA DE NAZARETH;SAN RAFAEL;REAL DEL PADRE;-;-;-
Secundario Orientado;Secundario;Pública;08 - Secundario Orientado;5044;5002279;1;4233;1;4233-1;ALTO DEL OLVIDO;LAVALLE;LA PALMERA;-;-;-
Secundario Orientado;Secundario;Privada;07 - Secundario Orientado Privada;5088;5002914;0;S271;0;S271-0;MARÍA REINA;GODOY CRUZ;GODOY CRUZ;-;-;-
Secundario Orientado;Secundario;Privada;02 - Secundario Orientado Privada;5089;5001693;0;S131;0;S131-0;NORBRIDGE;CAPITAL;CIUDAD;-;-;-
Secundario Orientado;Secundario;Pública;08 - Secundario Orientado;5110;5000428;2;4041;1;4041-1;ALICIA M. DE JUSTO;LAVALLE;JOCOLÍ VIEJO;80%;-;-
Secundario Orientado;Secundario;Pública;03 - Secundario Orientado;5111;5000847;1;4065;1;4065-1;JOSÉ MERCEDES ARGUMEDO;GUAYMALLÉN;LA PRIMAVERA;80%;-;-
Secundario Orientado;Secundario;Privada;06 - Secundario Orientado Privada;5176;5002966;0;S155;0;S155-0;INST. SANTÍSIMA TRINIDAD;SAN RAFAEL;CIUDAD;-;-;-
Secundario Orientado;Secundario;Pública;08 - Secundario Orientado;5177;5002963;0;4264;0;4264-0;S/N;LAVALLE;ARROYITO;110%;-;-
Secundario Orientado;Secundario;Privada;06 - Secundario Orientado Privada;5179;5002022;0;S060;0;S060-0;FUNDACIÓN NAZARET;SAN RAFAEL;SAN RAFAEL;-;-;-
Secundario Orientado;Secundario;Pública;15 - Secundario Orientado;5184;5002968;0;4267;0;4267-0;S/N;TUNUYÁN;LOS ARBOLES;110%;-;-
Secundario Orientado;Secundario;Pública;05 - Secundario Orientado;5185;5002967;0;4268;0;4268-0;S/N;MAIPÚ;CRUZ DE PIEDRA;80%;-;-
Secundario Orientado;Secundario;Pública;11 - Secundario Orientado;5187;5002970;0;4266;0;4266-0;S/N;TUNUYÁN;LA PUNTILLA;110%;-;-
Secundario Orientado;Secundario;Pública;11 - Secundario Orientado;5188;5002969;0;4265;0;4265-0;S/N;TUPUNGATO;GUALTALLARY;80%;-;-
Secundario Orientado;Secundario;Pública;15 - Secundario Orientado;5191;5002959;0;4263;0;4263-0;S/N;SAN CARLOS;LA CONSULTA;80%;-;-
Secundario Orientado;Secundario;Privada;05 - Secundario Orientado Privada;5236;5002811;0;S276;0;S276-0;FASTA JUAN PABLO II;LUJÁN DE CUYO;CHACRAS DE CORIA;-;-;-
Secundario Técnico;Secundario;Pública;02 - Secundario Técnico;5318;5001167;1;4020;1;4020-1;CENTRO DE INNOVACIÓN EDUCATIVA TECNOLÓGICA;GODOY CRUZ;GODOY CRUZ;-;-;-
Secundario Orientado;Secundario;Privada;07 - Secundario Orientado Privada;5319;5002234;1;S227;1;S227-1;CLUB DEPORTIVO ANTONIO TOMBA;MAIPÚ;COQUIMBITO;-;-;-
