Escuela_ID;Número;Escuela;Nivel;Nivel_Unificado;Gestión;Supervisión;Departamento;Localidad;zona;AMBITO;Regional
989;4001;JOSÉ VICENTE ZAPATA;Secundario Orientado;Secundario;Pública;01 - Secundario Orientado;CAPITAL;5º SECCION -  RESIDENCIAL SUR;10%;Urbano;-
990;4002;FRAY LUIS BELTRÁN;Secundario Técnico;Secundario;Pública;01 - Secundario Técnico;CAPITAL;5º SECCION -  RESIDENCIAL SUR;10%;Urbano;-
991;4003;EMILIO CIVIT;Secundario Técnico;Secundario;Pública;01 - Secundario Técnico;MAIPÚ;MAIPÚ;10%;Urbano;-
992;4004;MERCEDES ÁLVAREZ DE SEGURA;Secundario Técnico;Secundario;Pública;05 - Secundario Técnico;SAN RAFAEL;SAN RAFAEL - CIUDAD;10%;Urbano;-
993;4005;JOSÉFA CAPDEVILA;Secundario Técnico;Secundario;Pública;03 - Secundario Técnico;SAN MARTÍN;SAN MARTÍN;40%;Urbano;-
994;4006;PASCUAL IACCARINI;Secundario Técnico;Secundario;Pública;05 - Secundario Técnico;SAN RAFAEL;SAN RAFAEL - CIUDAD;40%;Urbano;-
995;4007;MIGUEL AMADO POUGET;Secundario Técnico;Secundario;Pública;06 - Secundario Técnico;GUAYMALLÉN;BERMEJO;60%;Rural marginal;-
996;4008;FRAY MAMERTO ESQUIÚ;Secundario Orientado;Secundario;Pública;18 - Secundario Orientado;CAPITAL;4º SECCION;10%;Urbano;-
997;4009;HERMINIA MORALES DE RAMPONI;Secundario Orientado;Secundario;Pública;03 - Secundario Orientado;GUAYMALLÉN;VILLA NUEVA;10%;Urbano marginal;-
998;4010;MARÍA ELENA CHAMPEAU;Secundario Orientado;Secundario;Pública;04 - Secundario Orientado;GODOY CRUZ;GOBERNADOR BENEGAS;10%;Urbano;-
999;4011;CAPITÁN DANIEL F. MANZOTTI;Secundario Técnico;Secundario;Pública;06 - Secundario Técnico;LAS HERAS;LA CIENEGUITA;10%;Urbano;-
1000;4012;ING. RICARDO VIDELA;Secundario Orientado;Secundario;Pública;06 - Secundario Orientado;LUJÁN DE CUYO;LUJÁN;40%;Urbano;-
1001;4013;DR. BERNARDO A. HOUSSAY;Secundario Técnico;Secundario;Pública;06 - Secundario Técnico;CAPITAL;CIUDAD;10%;Urbano;-
1002;4014;MAYOR JORGE GARCÍA;Secundario Orientado;Secundario;Pública;14 - Secundario Orientado;SAN RAFAEL;MONTE COMAN;110%;Rural;-
1003;4015;SEIZO HOSHI;Secundario Técnico;Secundario;Pública;04 - Secundario Técnico;SAN RAFAEL;REAL DEL PADRE;80%;Rural;-
1004;4016;ING. ANTONIO MARCELO ARBOIT;Secundario Técnico;Secundario;Pública;03 - Secundario Técnico;JUNIN;JUNIN;80%;Urbano;-
1005;4017;BERNARDINO IZUEL;Secundario Técnico;Secundario;Pública;05 - Secundario Técnico;SAN RAFAEL;VILLA ATUEL;80%;Rural;-
1006;4018;GRAL MANUEL NICOLÁS SAVIO;Secundario Técnico;Secundario;Pública;05 - Secundario Técnico;MALARGÜE;MALARGÜE;80%;Urbano;-
1007;4019;CAPITÁN JOSÉ D VÁZQUEZ;Secundario Técnico;Secundario;Pública;06 - Secundario Técnico;LAS HERAS;LAS HERAS;10%;Urbano;-
1008;4020;ING.GABRIEL DEL MAZO;Secundario Técnico;Secundario;Pública;02 - Secundario Técnico;GODOY CRUZ;SAN FRANCISCO DEL MONTE;10%;Urbano;-
1009;4021;MARTÍN GUEMES;Secundario Técnico;Secundario;Pública;04 - Secundario Técnico;SAN RAFAEL;LA LLAVE;110%;Rural;-
1010;4022;GRAL. ENRIQUE MOSCONI;Secundario Técnico;Secundario;Pública;02 - Secundario Técnico;LUJÁN DE CUYO;CHACRAS DE CORIA;10%;Urbano;-
1011;4023;MOLINERO ANDRÉS TEJEDA;Secundario Orientado;Secundario;Pública;07 - Secundario Orientado;LAS HERAS;LAS HERAS;10%;Urbano;-
1012;4024;BELLAS ARTES;Secundario Orientado;Secundario;Pública;01 - Secundario Orientado;CAPITAL;2º SECCION - RESIDENCIAL BARRIO CIVICO;10%;Urbano;-
1013;4025;LOS CORRALITOS;Secundario Técnico;Secundario;Pública;01 - Secundario Técnico;GUAYMALLÉN;LOS CORRALITOS;80%;Rural;-
1014;4026;JUAN BAUTISTA ALBERDI;Secundario Técnico;Secundario;Pública;06 - Secundario Técnico;LAVALLE;COSTA DE ARAUJO;110%;Rural;-
1014;4026;JUAN BAUTISTA ALBERDI;Secundario Técnico;Secundario;Pública;06 - Secundario Técnico;LAVALLE;COSTA DE ARAUJO;110%;Rural;-
1015;4027;MOISES JULIO CHADE;Secundario Técnico;Secundario;Pública;03 - Secundario Técnico;SAN MARTÍN;ALTO VERDE;80%;Rural;-
1016;4028;PAULA ALBARRACÍN DE SARMIENTO;Secundario Orientado;Secundario;Pública;05 - Secundario Orientado;MAIPÚ;MAIPÚ;60%;Urbano;-
1017;4029;GRAL. JOSÉ DE SAN MARTÍN;Secundario Técnico;Secundario;Pública;06 - Secundario Técnico;LAS HERAS;EL CHALLAO;80%;Urbano;-
1018;4030;PROFESOR ÁNGEL CERVERA;Secundario Técnico;Secundario;Pública;02 - Secundario Técnico;GODOY CRUZ;GODOY CRUZ;60%;Urbano marginal;-
1019;4031;DR. FRANCISCO CORREAS;Secundario Orientado;Secundario;Pública;06 - Secundario Orientado;LUJÁN DE CUYO;CHACRAS DE CORIA;10%;Urbano;-
1020;4032;NUESTRA SEÑORA DE LAS NIEVES;Secundario Orientado;Secundario;Pública;06 - Secundario Orientado;LAS HERAS;USPALLATA;110%;Rural frontera;-
1021;4033;LAUREANA FERRARI DE OLAZABAL;Secundario Orientado;Secundario;Pública;06 - Secundario Orientado;LUJÁN DE CUYO;LUJÁN (CIUDAD);40%;Urbano;-
1022;4034;GALILEO VITALI;Secundario Técnico;Secundario;Pública;03 - Secundario Técnico;LA PAZ;VILLA ANTIGUA;110%;Rural;-
1023;4035;JULIA SILVA DE CEJAS;Secundario Técnico;Secundario;Pública;02 - Secundario Técnico;TUNUYÁN;VISTA FLORES;80%;Urbano;-
1024;4036;RAÚL SCALABRINI ORTIZ;Secundario Técnico;Secundario;Pública;01 - Secundario Técnico;GODOY CRUZ;LAS TORTUGAS;80%;Urbano marginal;-
1025;4037;HOMERO MANZI;Secundario Técnico;Secundario;Pública;06 - Secundario Técnico;LAS HERAS;EL PLUMERILLO;80%;Urbano marginal;-
1026;4038;ARTURO JAURETCHE;Secundario Técnico;Secundario;Pública;02 - Secundario Técnico;LUJÁN DE CUYO;UGARTECHE;80%;Rural;-
1027;4039;CRUZ DE PIEDRA;Secundario Técnico;Secundario;Pública;01 - Secundario Técnico;MAIPÚ;CRUZ DE PIEDRA;60%;Rural;-
1028;4040;MOHAMED DIB EL MUSRI;Secundario Orientado;Secundario;Pública;09 - Secundario Orientado;RIVADAVIA;LA CENTRAL;110%;Rural;-
1029;4041;ALICIA M. DE JUSTO;Secundario Orientado;Secundario;Pública;08 - Secundario Orientado;LAVALLE;VILLA TULUMAYA (CIUDAD);80%;Rural;-
1030;4042;MARCELINO H. BLANCO;Secundario Orientado;Secundario;Pública;17 - Secundario Orientado;LA PAZ;VILLA NUEVA DE LA PAZ;80%;Urbano;-
1031;4043;ANTONIO DI BENEDETTO;Secundario Técnico;Secundario;Pública;04 - Secundario Técnico;SAN RAFAEL;RAMA CAIDA;110%;Rural;-
1032;4044;ING.FLORENCIO CASALE;Secundario Técnico;Secundario;Pública;05 - Secundario Técnico;SAN RAFAEL;EL NIHUIL;110%;Rural;-
1033;4045;FUERTE SAN CARLOS;Secundario Orientado;Secundario;Pública;15 - Secundario Orientado;SAN CARLOS;SAN CARLOS;80%;Urbano;-
1034;4046;ING. JULIO KRAUSE;Secundario Técnico;Secundario;Pública;02 - Secundario Técnico;LUJÁN DE CUYO;CARRODILLA;40%;Urbano;-
1035;4047;EL PLUMERILLO;Secundario Orientado;Secundario;Pública;07 - Secundario Orientado;LAS HERAS;EL PLUMERILLO;10%;Urbano marginal;-
1036;4048;PANQUEHUA;Secundario Orientado;Secundario;Pública;07 - Secundario Orientado;LAS HERAS;PANQUEHUA;60%;Urbano marginal;-
1037;4049;MAESTRO ALBERTO RODRÍGUEZ;Secundario Orientado;Secundario;Pública;02 - Secundario Orientado;GUAYMALLÉN;VILLA NUEVA;40%;Urbano marginal;-
1038;4050;ROBERTO AZZONI;Secundario Orientado;Secundario;Pública;02 - Secundario Orientado;GUAYMALLÉN;VILLA NUEVA;10%;Urbano;-
1039;4051;DR. AMÉRICO CALÍ;Secundario Orientado;Secundario;Pública;04 - Secundario Orientado;GODOY CRUZ;GODOY CRUZ;60%;Urbano marginal;-
1040;4052;JUAN DRAGHI LUCERO;Secundario Orientado;Secundario;Pública;04 - Secundario Orientado;GODOY CRUZ;LAS TORTUGAS;80%;Urbano marginal;-
1041;4053;DR. HORACIO ROMÁN MARTÍNEZ LEÁNEZ;Secundario Técnico;Secundario;Pública;01 - Secundario Técnico;MAIPÚ;MAIPÚ;60%;Urbano marginal;-
1042;4054;JUAN ISIDRO MAZA;Secundario Orientado;Secundario;Pública;05 - Secundario Orientado;MAIPÚ;RODEO DEL MEDIO;60%;Urbano marginal;-
1043;4055;PRESBITERO CONSTANTINO SPAGNOLO;Secundario Técnico;Secundario;Pública;03 - Secundario Técnico;JUNIN;JUNIN;80%;Urbano;-
1044;4056;PROFESORA TERESA MAGDALENA GONZÁLEZ;Secundario Orientado;Secundario;Pública;10 - Secundario Orientado;SAN MARTÍN;MONTECASEROS;80%;Rural;-
1045;4057;MARGARITA CINCA DE GEARY;Secundario Orientado;Secundario;Pública;13 - Secundario Orientado;SAN RAFAEL;SAN RAFAEL - CIUDAD;40%;Urbano;-
1046;4058;PBRO. DOMINGO HIPÓLITO NÚÑEZ;Secundario Orientado;Secundario;Pública;09 - Secundario Orientado;SAN MARTÍN;CHAPANAY;110%;Rural;-
1047;4059;HNA. MONICA LOYARTE;Secundario Orientado;Secundario;Pública;11 - Secundario Orientado;SAN CARLOS;CHILECITO;80%;Rural;-
1048;4060;DR. ERNESTO PIAGGI;Secundario Orientado;Secundario;Pública;11 - Secundario Orientado;TUPUNGATO;TUPUNGATO;80%;Urbano;-
1049;4061;DR. ANTONIO LÓPEZ AGUADO;Secundario Orientado;Secundario;Pública;05 - Secundario Orientado;MAIPÚ;COQUIMBITO;60%;Urbano marginal;-
1050;4062;PROF. JUANA B. ALBORNOZ DE CORTÉS;Secundario Técnico;Secundario;Pública;03 - Secundario Técnico;MAIPÚ;SAN ROQUE;80%;Urbano;-
1051;4063;LUIS FEDERICO LELOIR;Secundario Técnico;Secundario;Pública;05 - Secundario Técnico;SAN RAFAEL;LAS PAREDES;80%;Rural;-
1052;4064;INTENDENTE JUAN KAIRUZ;Secundario Técnico;Secundario;Pública;03 - Secundario Técnico;SAN MARTÍN;PALMIRA;60%;Urbano;-
1053;4065;JOSÉ MERCEDES ARGUMEDO;Secundario Orientado;Secundario;Pública;03 - Secundario Orientado;GUAYMALLÉN;KM 11;80%;Rural;-
1054;4066;MADRE T. DE CALCUTA;Secundario Orientado;Secundario;Pública;03 - Secundario Orientado;GUAYMALLÉN;RODEO DE LA CRUZ;60%;Urbano marginal;-
1055;4067;DR. OSVALDO S. P. BORGHI;Secundario Orientado;Secundario;Pública;01 - Secundario Orientado;CAPITAL;6º SECCION - RESIDENCIAL NORTE;60%;Urbano;-
1056;4068;PROF. ATILIO ANASTASI;Secundario Orientado;Secundario;Pública;04 - Secundario Orientado;GODOY CRUZ;PTE. SARMIENTO;80%;Urbano marginal;-
1057;4069;ALFONSINA STORNI;Secundario Orientado;Secundario;Pública;05 - Secundario Orientado;MAIPÚ;LUZURIAGA;60%;Urbano;-
1058;4070;ABELARDO ARIAS BALLOFFET;Secundario Orientado;Secundario;Pública;12 - Secundario Orientado;SAN RAFAEL;SAN RAFAEL - CIUDAD;80%;Urbano marginal;-
1059;4071;JULIO FERNÁNDEZ PELÁEZ;Secundario Orientado;Secundario;Pública;05 - Secundario Orientado;MAIPÚ;COQUIMBITO;80%;Rural;-
1060;4072;FEDERICO GARCÍA LORCA;Secundario Orientado;Secundario;Pública;04 - Secundario Orientado;GODOY CRUZ;VILLA HIPODROMO;60%;Urbano marginal;-
1061;4073;ADOLFO BIOY CASARES;Secundario Orientado;Secundario;Pública;07 - Secundario Orientado;LAS HERAS;EL CHALLAO;60%;Urbano marginal;-
1062;4074;FLORENCIO MOLINA CAMPOS;Secundario Orientado;Secundario;Pública;08 - Secundario Orientado;LAS HERAS;EL ZAPALLAR;40%;Urbano;-
1063;4075;PRUDENCIO VIDAL AMIEVA;Secundario Orientado;Secundario;Pública;15 - Secundario Orientado;TUNUYÁN;TUNUYÁN;80%;Urbano marginal;-
1064;4076;ARQ. CARLOS THAYS;Secundario Orientado;Secundario;Pública;05 - Secundario Orientado;MAIPÚ;FRAY LUIS BELTRÁN;80%;Rural;-
1065;4077;ARQ. MANUEL VÍCTOR CIVIT;Secundario Técnico;Secundario;Pública;01 - Secundario Técnico;CAPITAL;CIUDAD;10%;Urbano marginal;-
1066;4078;PROF. TOMÁS SILVESTRE;Secundario Orientado;Secundario;Pública;02 - Secundario Orientado;GUAYMALLÉN;SAN JOSÉ;60%;Urbano marginal;-
1067;4079;DOMINGO F. SARMIENTO;Secundario Orientado;Secundario;Pública;11 - Secundario Orientado;TUPUNGATO;TUPUNGATO;80%;Urbano;-
1069;4081;ING.FRANCISCO MARTÍN CROCE;Secundario Técnico;Secundario;Pública;03 - Secundario Técnico;SANTA ROSA;VILLA CABECERA;80%;Rural;-
1070;4082;JOSÉ PATROCINIO DAVILA;Secundario Orientado;Secundario;Pública;01 - Secundario Orientado;LAS HERAS;LA CIENEGUITA;10%;Urbano;-
1071;4083;AGUSTÍN ÁLVAREZ;Secundario Orientado;Secundario;Pública;18 - Secundario Orientado;CAPITAL;1º SECCION - PARQUE CENTRAL;10%;Urbano;-
1072;4084;LIBERTADOR SIMÓN BOLÍVAR;Secundario Orientado;Secundario;Pública;09 - Secundario Orientado;SAN MARTÍN;SAN MARTÍN;40%;Urbano;-
1073;4085;ALFREDO R. BUFANO;Secundario Orientado;Secundario;Pública;01 - Secundario Orientado;CAPITAL;1º SECCION - PARQUE CENTRAL;10%;Urbano marginal;-
1074;4086;CACIQUE GUAYMALLEN;Secundario Orientado;Secundario;Pública;02 - Secundario Orientado;GUAYMALLÉN;CAPILLA DEL ROSARIO;60%;Urbano marginal;-
1075;4087;MANUEL IGNACIO MOLINA;Secundario Orientado;Secundario;Pública;13 - Secundario Orientado;SAN RAFAEL;SAN RAFAEL - CIUDAD;10%;Urbano;-
1076;4088;MARIO CASALE;Secundario Orientado;Secundario;Pública;07 - Secundario Orientado;LAS HERAS;LAS HERAS;10%;Urbano;-
1077;4089;JOSÉ MANUEL ESTRADA;Secundario Orientado;Secundario;Pública;17 - Secundario Orientado;SAN MARTÍN;SAN MARTÍN;40%;Urbano;-
1078;4090;PROF. OSVALDO PINTO;Secundario Orientado;Secundario;Pública;17 - Secundario Orientado;SANTA ROSA;LAS CATITAS;80%;Rural;-
1079;4091;MARTÍN GÜEMES;Secundario Orientado;Secundario;Pública;06 - Secundario Orientado;LUJÁN DE CUYO;LUJÁN;10%;Urbano;-
1080;4092;GRAL. LAS HERAS;Secundario Orientado;Secundario;Pública;01 - Secundario Orientado;CAPITAL;4º SECCION;10%;Urbano;-
1081;4093;PTE. JULIO ARGENTINO ROCA;Secundario Orientado;Secundario;Pública;09 - Secundario Orientado;SAN MARTÍN;PALMIRA;80%;Urbano;-
1082;4094;FÉLIX PESCE SCARSO;Secundario Orientado;Secundario;Pública;10 - Secundario Orientado;RIVADAVIA;RIVADAVIA;80%;Urbano;-
1083;4095;ISLAS MALVINAS;Secundario Orientado;Secundario;Pública;13 - Secundario Orientado;SAN RAFAEL;SAN RAFAEL - CIUDAD;40%;Urbano;-
1084;4096;PROFESOR MARIO ANSELMO SÁNCHEZ;Secundario Orientado;Secundario;Pública;10 - Secundario Orientado;RIVADAVIA;MEDRANO;80%;Rural;-
1085;4097;PROF. GILDA COSMA DE LEDE;Secundario Orientado;Secundario;Pública;05 - Secundario Orientado;MAIPÚ;MAIPÚ;10%;Urbano;-
1086;4098;REPÚBLICA DEL PERÚ;Secundario Orientado;Secundario;Pública;13 - Secundario Orientado;SAN RAFAEL;SAN RAFAEL - CIUDAD;10%;Urbano;-
1087;4099;JOSÉ HERNANDEZ;Secundario Orientado;Secundario;Pública;14 - Secundario Orientado;GRAL. ALVEAR;BOWEN;80%;Urbano;-
1088;4100;VILLA 25 DE MAYO;Secundario Orientado;Secundario;Pública;12 - Secundario Orientado;SAN RAFAEL;25 DE MAYO;80%;Rural;-
1089;4101;EL NEVADO;Secundario Orientado;Secundario;Pública;13 - Secundario Orientado;SAN RAFAEL;GOUDGE;80%;Rural;-
1090;4102;ANTONIO BUTTINI;Secundario Orientado;Secundario;Pública;16 - Secundario Orientado;SAN RAFAEL;CUADRO BENEGAS;80%;Rural;-
1091;4103;PROFESOR CÉSAR HUMBERTO CASIVA;Secundario Orientado;Secundario;Pública;07 - Secundario Orientado;LAS HERAS;EL CHALLAO;40%;Urbano marginal;-
1092;4104;ING. CARLOS FADER;Secundario Técnico;Secundario;Pública;02 - Secundario Técnico;LUJÁN DE CUYO;LUJÁN;10%;Urbano;-
1093;4105;ENORE DE MONTE;Secundario Técnico;Secundario;Pública;05 - Secundario Técnico;GRAL. ALVEAR;BOWEN;80%;Urbano;-
1094;4106;IV BRIGADA AÉREA;Secundario Técnico;Secundario;Pública;06 - Secundario Técnico;LAS HERAS;EL PLUMERILLO;40%;Urbano;-
1095;4107;EJÉRCITO ARGENTINO;Secundario Técnico;Secundario;Pública;02 - Secundario Técnico;TUNUYÁN;TUNUYÁN;80%;Urbano;-
1096;4108;ING. GUILLERMO VILLANUEVA;Secundario Técnico;Secundario;Pública;01 - Secundario Técnico;MAIPÚ;MAIPÚ;10%;Urbano;-
1097;4109;ING. ÁLVAREZ CONDARCO;Secundario Técnico;Secundario;Pública;06 - Secundario Técnico;GODOY CRUZ;SAN FRANCISCO DEL MONTE;10%;Urbano;-
1098;4110;PRESIDENTE NICOLÁS AVELLANEDA;Secundario Técnico;Secundario;Pública;03 - Secundario Técnico;JUNIN;LOS BARRIALES;80%;Urbano;-
1099;4111;ING. PABLO NOGUÉS;Secundario Técnico;Secundario;Pública;01 - Secundario Técnico;CAPITAL;2º SECCION - RESIDENCIAL BARRIO CIVICO;10%;Urbano;-
1100;4112;PROFESOR ANTONIO DOUGLAS GURGUI;Secundario Técnico;Secundario;Pública;06 - Secundario Técnico;LAS HERAS;LAS HERAS;40%;Urbano;-
1101;4113;ING. JORGE BARRAQUERO;Secundario Técnico;Secundario;Pública;05 - Secundario Técnico;GRAL. ALVEAR;GENERAL ALVEAR;60%;Urbano marginal;-
1102;4114;MANUEL BELGRANO;Secundario Técnico;Secundario;Pública;05 - Secundario Técnico;SAN RAFAEL;CAÑADA SECA;80%;Rural;-
1103;4115;INFANTA MENDOCINA;Secundario Orientado;Secundario;Pública;02 - Secundario Orientado;GUAYMALLÉN;DORREGO;10%;Urbano;-
1104;4116;JUAN PABLO II;Secundario Técnico;Secundario;Pública;05 - Secundario Técnico;SAN RAFAEL;MONTE COMAN;110%;Urbano;-
1105;4117;EJÉRCITO DE LOS ANDES;Secundario Técnico;Secundario;Pública;05 - Secundario Técnico;SAN RAFAEL;SAN RAFAEL - CIUDAD;10%;Urbano;-
1106;4118;SAN JOSE;Secundario Técnico;Secundario;Pública;02 - Secundario Técnico;GUAYMALLÉN;SAN JOSÉ;10%;Urbano;-
1107;4119;SANTA MARÍA DE ORO (8119);Secundario Técnico;Secundario;Pública;03 - Secundario Técnico;RIVADAVIA;SANTA MARÍA DE ORO;80%;Rural;-
1108;4120;TECNICA JOSÉ DE SAN MARTÍN;Secundario Técnico;Secundario;Pública;03 - Secundario Técnico;SAN MARTÍN;SAN MARTÍN;40%;Urbano;-
1109;4121;TÉCNICOS  MENDOCINOS;Secundario Técnico;Secundario;Pública;01 - Secundario Técnico;GUAYMALLÉN;VILLA NUEVA;40%;Urbano;-
1110;4122;REPÚBLICA ITALIANA;Secundario Técnico;Secundario;Pública;02 - Secundario Técnico;TUPUNGATO;TUPUNGATO;60%;Urbano;-
1111;4123;INTEGRACION;Secundario Técnico;Secundario;Pública;02 - Secundario Técnico;SAN CARLOS;LA CONSULTA;80%;Urbano;-
1112;4124;REYNALDO MERIN;Secundario Técnico;Secundario;Pública;05 - Secundario Técnico;SAN RAFAEL;SAN RAFAEL - CIUDAD;40%;Urbano;-
1115;4127;CENTRO POLIVALENTE DE ARTE;Secundario Orientado;Secundario;Pública;16 - Secundario Orientado;SAN RAFAEL;SAN RAFAEL - CIUDAD;40%;Urbano;-
1116;4128;ADOLFO PÉREZ ESQUIVEL;Secundario Orientado;Secundario;Pública;01 - Secundario Orientado;CAPITAL;2º SECCION - RESIDENCIAL BARRIO CIVICO;10%;Urbano;-
1117;4129;ANA ENRIQUETA GUYOT DE CALZADA;Secundario Orientado;Secundario;Pública;16 - Secundario Orientado;SAN RAFAEL;SAN RAFAEL - CIUDAD;40%;Urbano;-
1118;4130;PROF.JORGE DE LA RETA;Secundario Técnico;Secundario;Pública;05 - Secundario Técnico;SAN RAFAEL;SAN RAFAEL - CIUDAD;10%;Urbano;-
1119;4131;MAHATMA GANDHI;Secundario Orientado;Secundario;Pública;04 - Secundario Orientado;GODOY CRUZ;VILLA HIPODROMO;10%;Urbano;-
1120;4132;QUÍMICOS ARGENTINOS;Secundario Técnico;Secundario;Pública;01 - Secundario Técnico;CAPITAL;5º SECCION -  RESIDENCIAL SUR;10%;Urbano;-
1121;4133;ABELARDO VAZQUEZ;Secundario Orientado;Secundario;Pública;02 - Secundario Orientado;GUAYMALLÉN;SAN JOSÉ;10%;Urbano marginal;-
1122;4134;MARÍA RAQUEL BUTERA;Secundario Orientado;Secundario;Pública;10 - Secundario Orientado;SAN MARTÍN;SAN MARTÍN;40%;Urbano;-
1123;4135;SAN MARTÍN LABRADOR;Secundario Orientado;Secundario;Pública;17 - Secundario Orientado;JUNIN;LOS BARRIALES;80%;Rural;-
1124;4136;JORGE LUIS BORGES;Secundario Orientado;Secundario;Pública;18 - Secundario Orientado;GUAYMALLÉN;SAN JOSÉ;10%;Urbano;-
1125;4137;NIEVES DEL ACONCAGUA;Secundario Orientado;Secundario;Pública;01 - Secundario Orientado;CAPITAL;5º SECCION -  RESIDENCIAL SUR;10%;Urbano;-
1126;4138;ABORIGEN AMERICANO;Secundario Orientado;Secundario;Pública;16 - Secundario Orientado;MALARGÜE;MALARGÜE;80%;Urbano marginal;-
1127;4139;ERNESTO SABATO;Secundario Orientado;Secundario;Pública;04 - Secundario Orientado;GODOY CRUZ;GODOY CRUZ;10%;Urbano;-
1128;4140;ARMANDO TEJADA GÓMEZ;Secundario Orientado;Secundario;Pública;07 - Secundario Orientado;LAS HERAS;EL RESGUARDO;80%;Urbano marginal;-
1129;4141;ANTONIO GARBIN;Secundario Orientado;Secundario;Pública;16 - Secundario Orientado;SAN RAFAEL;SAN RAFAEL - CIUDAD;40%;Urbano marginal;-
1131;4143;EL ALGARROBAL;Secundario Orientado;Secundario;Pública;08 - Secundario Orientado;LAS HERAS;EL ALGARROBAL;80%;Urbano;-
1132;4144;12 DE AGOSTO;Secundario Orientado;Secundario;Pública;14 - Secundario Orientado;GRAL. ALVEAR;GENERAL ALVEAR;60%;Urbano;-
1133;4145;ARMANDO SERGIO FIGUEROA;Secundario Técnico;Secundario;Pública;03 - Secundario Técnico;SAN MARTÍN;TRES PORTEÑAS;110%;Rural;-
1134;4146;AMERICO DANGELO RECUERO;Secundario Orientado;Secundario;Pública;02 - Secundario Orientado;GUAYMALLÉN;JESÚS NAZARENO;10%;Urbano marginal;-
1135;4147;CELADOR PABLO DELPIR;Secundario Orientado;Secundario;Pública;07 - Secundario Orientado;LAS HERAS;PANQUEHUA;60%;Urbano;-
1136;4148;MANUEL BELGRANO;Secundario Orientado;Secundario;Pública;18 - Secundario Orientado;GODOY CRUZ;GODOY CRUZ;10%;Urbano;-
1137;4149;CARLOS VARAS GAZARI;Secundario Orientado;Secundario;Pública;18 - Secundario Orientado;CAPITAL;CIUDAD;10%;Urbano;-
1138;4150;DR. MARIO PÉREZ ELIZALDE;Secundario Orientado;Secundario;Pública;04 - Secundario Orientado;GODOY CRUZ;LAS TORTUGAS;60%;Urbano marginal;-
1139;4151;DR. BENITO MARÍANETTI;Secundario Orientado;Secundario;Pública;06 - Secundario Orientado;LUJÁN DE CUYO;MAYOR DRUMMOND;60%;Urbano marginal;-
1140;4152;DR. ABEL ALBINO;Secundario Orientado;Secundario;Pública;03 - Secundario Orientado;GUAYMALLÉN;PUENTE DE HIERRO;80%;Rural marginal;-
1141;4153;PROFESOR LUIS QUESADA;Secundario Orientado;Secundario;Pública;03 - Secundario Orientado;GUAYMALLÉN;BERMEJO;80%;Urbano marginal;-
1142;4154;DR. SALVADOR MAZZA;Secundario Orientado;Secundario;Pública;03 - Secundario Orientado;GUAYMALLÉN;DORREGO;10%;Urbano;-
1143;4155;ERNESTO PEREZ CUESTA;Secundario Orientado;Secundario;Pública;03 - Secundario Orientado;GUAYMALLÉN;CAPILLA DEL ROSARIO;10%;Urbano;-
1144;4156;MIGUEL LAURIENTE;Secundario Orientado;Secundario;Pública;03 - Secundario Orientado;GUAYMALLÉN;RODEO DE LA CRUZ;60%;Urbano marginal;-
1145;4157;PATRIA GRANDE;Secundario Orientado;Secundario;Pública;07 - Secundario Orientado;LAS HERAS;EL PLUMERILLO;60%;Urbano;-
1146;4158;ARRIEROS DEL ANDE;Secundario Orientado;Secundario;Pública;07 - Secundario Orientado;LAS HERAS;EL PLUMERILLO;60%;Urbano marginal;-
1147;4159;CÉSAR MILSTEIN;Secundario Orientado;Secundario;Pública;08 - Secundario Orientado;LAVALLE;EL VERGEL;110%;Rural;-
1148;4160;TITO FRANCIA;Secundario Técnico;Secundario;Pública;06 - Secundario Técnico;LAVALLE;LAVALLE;110%;Rural;-
1149;4161;JOSE MIGUEL GRANEROS;Secundario Técnico;Secundario;Pública;06 - Secundario Técnico;LAVALLE;GUSTAVO ANDRE;110%;Rural;-
1150;4162;MAESTRO ALFREDO BRAVO;Secundario Orientado;Secundario;Pública;04 - Secundario Orientado;GODOY CRUZ;SAN FRANCISCO DEL MONTE;10%;Urbano;-
1151;4163;PROFESORES MENDOCINOS;Secundario Orientado;Secundario;Pública;05 - Secundario Orientado;LUJÁN DE CUYO;CARRODILLA;80%;Urbano marginal;-
1152;4164;CERRO EL PLATA;Secundario Orientado;Secundario;Pública;06 - Secundario Orientado;LUJÁN DE CUYO;PERDRIEL;60%;Rural marginal;-
1153;4165;PABLO NERUDA;Secundario Orientado;Secundario;Pública;06 - Secundario Orientado;LUJÁN DE CUYO;VISTALBA;60%;Rural;-
1154;4166;FERNANDO LORENZO;Secundario Técnico;Secundario;Pública;01 - Secundario Técnico;MAIPÚ;GENERAL GUTIÉRREZ;60%;Urbano;-
1155;4167;SANTIAGO FELIPE LLAVER;Secundario Orientado;Secundario;Pública;09 - Secundario Orientado;SAN MARTÍN;SAN MARTÍN;80%;Urbano marginal;-
1156;4168;PROFESORA MARÍA EUGENIA TROSSERO;Secundario Orientado;Secundario;Pública;09 - Secundario Orientado;JUNIN;LA COLONIA;80%;Urbano;-
1157;4169;DR. BERNARDO SAMUEL LEIVA;Secundario Orientado;Secundario;Pública;12 - Secundario Orientado;SAN RAFAEL;SAN RAFAEL - CIUDAD;80%;Urbano marginal;-
1158;4170;AGUAS DEL DIAMANTE;Secundario Orientado;Secundario;Pública;13 - Secundario Orientado;SAN RAFAEL;CUADRO NACIONAL;80%;Urbano marginal;-
1159;4171;PRECEPTORA HILDA MABEL CORIA;Secundario Técnico;Secundario;Pública;04 - Secundario Técnico;GRAL. ALVEAR;CARMENSA;80%;Rural;-
1160;4172;PUERTO ARGENTINO;Secundario Orientado;Secundario;Pública;06 - Secundario Orientado;LUJÁN DE CUYO;AGRELO;80%;Rural;-
1161;4173;PROFESORA AMANDA FERNANDEZ DE PALERMO;Secundario Orientado;Secundario;Pública;11 - Secundario Orientado;TUNUYÁN;TUNUYÁN;40%;Urbano;-
1162;4174;JOAQUÍN SALVADOR LAVADO;Secundario Orientado;Secundario;Pública;01 - Secundario Orientado;CAPITAL;CIUDAD;80%;Urbano marginal;-
1163;4175;DR. EDUARDO JORGE CHAHLA;Secundario Orientado;Secundario;Pública;02 - Secundario Orientado;GUAYMALLÉN;BERMEJO;80%;Urbano marginal;-
1164;4176;VALLES DE POTRERILLOS;Secundario Orientado;Secundario;Pública;06 - Secundario Orientado;LUJÁN DE CUYO;POTRERILLOS;110%;Rural;-
1165;4177;HUARPES DE LAS BARRANCAS;Secundario Orientado;Secundario;Pública;05 - Secundario Orientado;MAIPÚ;LAS BARRANCAS;110%;Rural;-
1166;4178;VICTORIA OCAMPO;Secundario Orientado;Secundario;Pública;04 - Secundario Orientado;GODOY CRUZ;VILLA HIPODROMO;80%;Urbano marginal;-
1167;4179;EL CEIBO;Secundario Orientado;Secundario;Pública;14 - Secundario Orientado;GRAL. ALVEAR;EL CEIBO;80%;Rural;-
1168;4180;INMIGRANTES ITALIANOS;Secundario Orientado;Secundario;Pública;02 - Secundario Orientado;GUAYMALLÉN;JESÚS NAZARENO;80%;Rural;-
1169;4181;GUILLERMO OLEGARÍO MORAN;Secundario Orientado;Secundario;Pública;09 - Secundario Orientado;JUNIN;PHILIPS;80%;Rural;-
1170;4182;AIDA FONT (8182);Secundario Técnico;Secundario;Pública;03 - Secundario Técnico;LA PAZ;DESAGUADERO;110%;Rural;-
1171;4183;FIDEL DE LUCIA;Secundario Orientado;Secundario;Pública;08 - Secundario Orientado;LAVALLE;JOCOLÍ VIEJO;80%;Rural;-
1172;4184;CARLOS ALBERTO MASOERO;Secundario Orientado;Secundario;Pública;08 - Secundario Orientado;LAVALLE;LA PEGA;80%;Rural;-
1173;4185;ELENA ELVIRA IMAZIO DE CAVAGNOLA;Secundario Técnico;Secundario;Pública;06 - Secundario Técnico;LAVALLE;TRES DE MAYO;80%;Rural;-
1174;4186;OSCAR BRACELIS;Secundario Orientado;Secundario;Pública;06 - Secundario Orientado;LUJÁN DE CUYO;EL CARRIZAL;110%;Rural;-
1175;4187;LUJÁN DE LAS VIÑAS;Secundario Orientado;Secundario;Pública;06 - Secundario Orientado;LUJÁN DE CUYO;UGARTECHE;110%;Rural;-
1176;4188;PADRE SERGIO IACONO;Secundario Técnico;Secundario;Pública;01 - Secundario Técnico;MAIPÚ;FRAY LUIS BELTRÁN;80%;Rural;-
1177;4189;ÁLAMOS MENDOCINOS;Secundario Orientado;Secundario;Pública;05 - Secundario Orientado;MAIPÚ;FRAY LUIS BELTRÁN;110%;Rural;-
1178;4190;DR. JAMES WATSON CRONIN;Secundario Orientado;Secundario;Pública;16 - Secundario Orientado;MALARGÜE;MALARGÜE;80%;Urbano;-
1179;4191;DR. DANIEL HUGO PIERINI (ESC. 8191);Secundario Técnico;Secundario;Pública;04 - Secundario Técnico;MALARGÜE;LAS JUNTAS;110%;Rural;-
1180;4192;PROF. ALICIA MABEL SAFFI;Secundario Orientado;Secundario;Pública;10 - Secundario Orientado;RIVADAVIA;CAMPAMENTOS;80%;Rural;-
1181;4193;MARÍA LUISA PÁSCOLO DE BANDIERA;Secundario Técnico;Secundario;Pública;02 - Secundario Técnico;SAN CARLOS;CAPIZ ALTO;110%;Rural;-
1182;4194;FABIAN CATROPPA MARTÍN;Secundario Orientado;Secundario;Pública;09 - Secundario Orientado;SAN MARTÍN;NUEVA CALIFORNIA;110%;Rural;-
1183;4195;EL MOLINO;Secundario Orientado;Secundario;Pública;16 - Secundario Orientado;SAN RAFAEL;SAN RAFAEL;80%;Urbano marginal;-
1184;4196;JUAN MIGUEL ESCUDERO;Secundario Orientado;Secundario;Pública;14 - Secundario Orientado;SAN RAFAEL;JAIME PRATS;80%;Rural;-
1185;4197;ING. AGR. JULIO C. GATICA;Secundario Técnico;Secundario;Pública;04 - Secundario Técnico;SAN RAFAEL;VILLA ATUEL;110%;Rural marginal;-
1186;4198;FRANCISCO GARCÍA;Secundario Técnico;Secundario;Pública;04 - Secundario Técnico;SAN RAFAEL;LAS MALVINAS;110%;Rural marginal;-
1187;4199;MARÍA LUISA DEGNI;Secundario Orientado;Secundario;Pública;17 - Secundario Orientado;SANTA ROSA;LA DORMIDA;80%;Rural;-
1188;4200;ALBERTO D. ERASO - Ranquil (8200);Secundario Orientado;Secundario;Pública;12 - Secundario Orientado;MALARGÜE;RANQUIL;110%;Rural frontera;-
1189;4201;MAESTRO PAULO FREIRE;Secundario Orientado;Secundario;Pública;03 - Secundario Orientado;GUAYMALLÉN;EL SAUCE;80%;Rural;-
1190;4202;RÍO ATUEL;Secundario Orientado;Secundario;Pública;14 - Secundario Orientado;GRAL. ALVEAR;GENERAL ALVEAR;60%;Urbano;-
1191;4203;COLONIA LAS ROSAS;Secundario Técnico;Secundario;Pública;02 - Secundario Técnico;TUNUYÁN;COLONIA LAS ROSAS;80%;Rural;-
1192;4204;INGENIERO MIGUEL NATALIO FIRPO;Secundario Orientado;Secundario;Pública;15 - Secundario Orientado;SAN CARLOS;EUGENIO BUSTOS;80%;Urbano;-
1193;4205;EMBAJADOR PABLO NERUDA (8205);Secundario Orientado;Secundario;Pública;12 - Secundario Orientado;MALARGÜE;LA ESCONDIDA;110%;Rural frontera;-
1194;4206;MAPU MAHUIDA (Esc. 8206);Secundario Orientado;Secundario;Pública;12 - Secundario Orientado;MALARGÜE;BARDAS BLANCAS;110%;Rural frontera;-
1195;4207;RAÍCES HUARPES;Secundario Orientado;Secundario;Pública;08 - Secundario Orientado;LAVALLE;SAN JOSÉ;110%;Rural;-
1196;4209;BLANCA NÉLIDA GUTIERREZ;Secundario Orientado;Secundario;Pública;17 - Secundario Orientado;SAN MARTÍN;BUEN ORDEN;80%;Marginal;-
1197;4210;DR. NELSON MANDELA;Secundario Orientado;Secundario;Pública;18 - Secundario Orientado;CAPITAL;5º SECCION -  RESIDENCIAL SUR;10%;Urbano;-
1198;4211;MAESTRO ÁNGEL OSCAR FUNES;Secundario Técnico;Secundario;Pública;02 - Secundario Técnico;SAN CARLOS;PAREDITAS;110%;Rural;-
1199;4212;CAMILO CARBALLO;Secundario Técnico;Secundario;Pública;02 - Secundario Técnico;TUPUNGATO;CORDÓN DEL PLATA;110%;Urbano marginal;-
1200;4213;HUMBERTO ANTONIO VALESTRA;Secundario Técnico;Secundario;Pública;03 - Secundario Técnico;SAN MARTÍN;ALTO SALVADOR;110%;Rural;-
1201;4214;DISTRITO LOS ÁRBOLES;Secundario Orientado;Secundario;Pública;15 - Secundario Orientado;TUNUYÁN;LOS ARBOLES;110%;Rural;-
1202;4215;BUENOS VECINOS;Secundario Orientado;Secundario;Pública;03 - Secundario Orientado;GUAYMALLÉN;COLONIA SEGOVIA;80%;Rural;-
1203;4216;MANUEL NOLO TEJÓN Y MAGDA DE MEROLIS;Secundario Orientado;Secundario;Pública;07 - Secundario Orientado;LAS HERAS;EL RESGUARDO;80%;Urbano marginal;-
1204;4217;LA PRIMAVERA;Secundario Orientado;Secundario;Pública;03 - Secundario Orientado;GUAYMALLÉN;LA PRIMAVERA;80%;Marginal;-
1205;4218;PARQUE PROVINCIAL ACONCAGUA;Secundario Orientado;Secundario;Pública;07 - Secundario Orientado;LAS HERAS;LAS HERAS;10%;Urbano marginal;-
1206;4219;ELIANA MOLINELLI;Secundario Orientado;Secundario;Pública;08 - Secundario Orientado;LAS HERAS;EL ALGARROBAL;80%;Urbano marginal;-
1207;4220;NICOLÁS LUNA;Secundario Orientado;Secundario;Pública;14 - Secundario Orientado;GRAL. ALVEAR;LA MARZOLINA;80%;Urbano marginal;-
1208;4221;VALENTÍN A. BIANCHI;Secundario Orientado;Secundario;Pública;16 - Secundario Orientado;SAN RAFAEL;CIUDAD;40%;Urbano;-
1209;4222;MARÍA MARTHA ARENAS DE ZAPATA;Secundario Orientado;Secundario;Pública;03 - Secundario Orientado;GUAYMALLÉN;KM 8;80%;Urbano;-
1210;4223;ANTONIO MATÍAS IRIARTE;Secundario Orientado;Secundario;Pública;11 - Secundario Orientado;TUPUNGATO;EL ZAMPAL;110%;Rural;-
1211;4224;DR. TOMÁS LUIS APPUGLIESE;Secundario Orientado;Secundario;Pública;08 - Secundario Orientado;LAVALLE;VILLA TULUMAYA (CIUDAD);80%;Rural;-
1212;4225;ANTONIO SARELLI;Secundario Orientado;Secundario;Pública;05 - Secundario Orientado;MAIPÚ;LUZURIAGA;10%;Urbano;-
1213;4226;CÓNDOR DE LOS ANDES;Secundario Orientado;Secundario;Pública;18 - Secundario Orientado;CAPITAL;5º SECCION -  RESIDENCIAL SUR;10%;Urbano;-
1214;4227;GUADALUPE DE LA FRONTERA (Esc 8227);Secundario Técnico;Secundario;Pública;04 - Secundario Técnico;MALARGÜE;LA ESCONDIDA;110%;Rural frontera;-
1215;4228;INGENIERO EUGENIO IZSAKY;Secundario Técnico;Secundario;Pública;04 - Secundario Técnico;MALARGÜE;MALARGÜE;80%;Urbano;-
1216;4229;DOCTOR HUMBERTO ANTONIO LAGIGLIA;Secundario Orientado;Secundario;Pública;13 - Secundario Orientado;SAN RAFAEL;CIUDAD;10%;Urbano marginal;-
1217;4230;JOSÉ 'TICO' RUSSO;Secundario Orientado;Secundario;Pública;16 - Secundario Orientado;SAN RAFAEL;SAN RAFAEL;40%;Urbano;-
1218;4231;PROF. ALBERTO D. CHALAR;Secundario Orientado;Secundario;Pública;08 - Secundario Orientado;LAVALLE;COSTA DE ARAUJO;80%;Rural;-
1219;4233;ALTO DEL OLVIDO;Secundario Orientado;Secundario;Pública;08 - Secundario Orientado;LAVALLE;ALTO DEL OLVIDO;110%;Rural;-
1220;4234;ING. AG. SILVIO JOSÉ LANATI;Secundario Orientado;Secundario;Pública;15 - Secundario Orientado;SAN CARLOS;LA CONSULTA;110%;Rural;-
1221;4235;EDUARDO PLATERO;Secundario Orientado;Secundario;Pública;13 - Secundario Orientado;SAN RAFAEL;CIUDAD;80%;Urbano marginal;-
1222;4236;PROFESORA PATRICIA NOEMÍ PRADES;Secundario Orientado;Secundario;Pública;10 - Secundario Orientado;RIVADAVIA;REDUCCIÓN DE ABAJO;110%;Rural;-
1223;4237;JOSÉ GABRIEL BROCHERO;Secundario Orientado;Secundario;Pública;10 - Secundario Orientado;SANTA ROSA;12 DE OCTUBRE;110%;Rural;-
1224;4238;PROFESORA SILVIA CATALLINI;Secundario Orientado;Secundario;Pública;01 - Secundario Orientado;CAPITAL;CIUDAD;80%;Urbano marginal;-
1225;4239;CERRO EL SOSNEADO (Esc. 8239);Secundario Técnico;Secundario;Pública;04 - Secundario Técnico;SAN RAFAEL;EL SOSNEADO;110%;Rural frontera;-
1226;4240;PROFESORA SILVIA MARTÍNEZ DE RUIZ;Secundario Orientado;Secundario;Pública;05 - Secundario Orientado;MAIPÚ;FRAY LUIS BELTRÁN;110%;Rural;-
1227;4241;S/NOMBRE;Secundario Orientado;Secundario;Pública;13 - Secundario Orientado;SAN RAFAEL;LAS PAREDES;80%;Rural;-
1228;4242;EDUARDO GALEANO;Secundario Orientado;Secundario;Pública;09 - Secundario Orientado;SAN MARTÍN;LAS CHIMBAS;110%;Rural;-
1229;4243;MATILDE RIVERO;Secundario Orientado;Secundario;Pública;10 - Secundario Orientado;JUNIN;LOS BARRIALES;110%;Rural;-
1230;4244;GRISELDA GUILLÉN;Secundario Orientado;Secundario;Pública;14 - Secundario Orientado;SAN RAFAEL;REAL DEL PADRE;110%;Rural;-
1231;4245;JOSÉ DOMINGO BRANDONI;Secundario Orientado;Secundario;Pública;12 - Secundario Orientado;SAN RAFAEL;LAS PAREDES;80%;Rural marginal;-
1232;4246;EL CERRITO;Secundario Técnico;Secundario;Pública;04 - Secundario Técnico;SAN RAFAEL;EL CERRITO;80%;Rural;-
1233;4247;ALFREDO VICENTE;Secundario Orientado;Secundario;Pública;15 - Secundario Orientado;TUNUYÁN;CAMPO DE LOS ANDES;110%;Rural;-
1234;4248;EL DIVISADERO;Secundario Orientado;Secundario;Pública;17 - Secundario Orientado;SAN MARTÍN;DIVISADERO;110%;Rural;-
1235;4249;JORGE MARIO BERGOGLIO;Secundario Orientado;Secundario;Pública;17 - Secundario Orientado;JUNIN;ALGARROBO GRANDE;80%;Rural;-
1236;4250;ALGARROBAL DE ABAJO;Secundario Orientado;Secundario;Pública;08 - Secundario Orientado;LAS HERAS;EL ALGARROBAL;80%;Rural;-
1237;4251;ANDREA ANALÍA AGUIRRE;Secundario Orientado;Secundario;Pública;10 - Secundario Orientado;RIVADAVIA;ANDRADE;80%;Rural;-
1238;4252;PUESTO VIEJO;Secundario Orientado;Secundario;Pública;09 - Secundario Orientado;SAN MARTÍN;EL CENTRAL;110%;Rural;-
1239;4253;PROFESORA AURORA ANGELICA TORRES;Secundario Orientado;Secundario;Pública;17 - Secundario Orientado;SAN MARTÍN;MONTECASEROS;110%;Rural;-
1240;4254;CAYE HANE;Secundario Orientado;Secundario;Pública;08 - Secundario Orientado;LAVALLE;SAN MIGUEL;110%;Rural frontera;-
1241;4255;ALBERTO VICTORIO ZUCCARDI;Secundario Técnico;Secundario;Pública;01 - Secundario Técnico;MAIPÚ;FRAY LUIS BELTRÁN;110%;Rural;-
1242;4256;OJO DE AGUA;Secundario Orientado;Secundario;Pública;11 - Secundario Orientado;TUPUNGATO;LA ARBOLEDA;110%;Rural;-
1243;4257;PROFESOR LUIS RODRÍGUEZ NIEVAS;Secundario Orientado;Secundario;Pública;05 - Secundario Orientado;MAIPÚ;RODEO DEL MEDIO;80%;Rural;-
1244;4259;S/NOMBRE;Secundario Orientado;Secundario;Pública;09 - Secundario Orientado;RIVADAVIA;SANTA MARÍA DE ORO;80%;Rural;-
1245;4260;ALMA DE MONTAÑA;Secundario Orientado;Secundario;Pública;11 - Secundario Orientado;TUPUNGATO;LA CARRERA;110%;Rural;-
1246;4261;PRESIDENTE RAÚL RICARDO ALFONSÍN;Secundario Orientado;Secundario;Pública;05 - Secundario Orientado;MAIPÚ;MAIPÚ;10%;Urbano;-
1247;4262;REPÚBLICA DEL LÍBANO;Secundario Orientado;Secundario;Pública;05 - Secundario Orientado;MAIPÚ;RODEO DEL MEDIO;80%;Urbano marginal;-
1403;4258;ESPERANZA DE LAGUNAS;Secundario Orientado;Secundario;Pública;08 - Secundario Orientado;LAVALLE;LAGUNA DEL ROSARIO;110%;Rural;-
1442;9001;GRAL. JOSÉ DE SAN MARTÍN;Secundario Orientado;Secundario;Pública;17 - Secundario Orientado;SAN MARTÍN;SAN MARTÍN;40%;Urbano;-
1443;9002;NORMAL TOMÁS GODOY CRUZ;Secundario Orientado;Secundario;Pública;18 - Secundario Orientado;CAPITAL;2º SECCION - RESIDENCIAL BARRIO CIVICO;10%;Urbano;-
1444;9003;MERCEDES T.S.M. DE BALCARCE;Secundario Orientado;Secundario;Pública;13 - Secundario Orientado;SAN RAFAEL;SAN RAFAEL - CIUDAD;10%;Urbano;-
1445;9004;TORIBIO LUZURIAGA;Secundario Orientado;Secundario;Pública;15 - Secundario Orientado;TUNUYÁN;TUNUYÁN;40%;Urbano;-
1446;9006;PROF. FRANCISCO H. TOLOSA;Secundario Orientado;Secundario;Pública;10 - Secundario Orientado;RIVADAVIA;RIVADAVIA;40%;Urbano;-
1584;E198;LAS MALVINAS ANEXO PUNTA DEL AGUA;Secundario Técnico;Secundario;Pública;04 - Secundario Técnico;SAN RAFAEL;PUNTA DE AGUA;110%;Rural;-
1947;S001;DON BOSCO;Secundario Orientado;Secundario;Privada;03 - Secundario Orientado Privada;CAPITAL;3º SECCION - PARQUE O'HIGGINS;10%;Urbano;-
1948;S002;MARÍA AUXILIADORA;Secundario Orientado;Secundario;Privada;03 - Secundario Orientado Privada;CAPITAL;1º SECCION - PARQUE CENTRAL;-;Urbano;-
1949;S003;SAN BUENAVENTURA;Secundario Orientado;Secundario;Privada;03 - Secundario Orientado Privada;CAPITAL;1º SECCION - PARQUE CENTRAL;-;Urbano;-
1950;S004;SAN JOSÉ HNOS. MARISTAS;Secundario Orientado;Secundario;Privada;03 - Secundario Orientado Privada;CAPITAL;6º SECCION - RESIDENCIAL NORTE;Sin Zona;Urbano;-
1951;S005;NTRA. SEÑORA DEL ROSARIO;Secundario Orientado;Secundario;Privada;03 - Secundario Orientado Privada;LAVALLE;VILLA TULUMAYA (CIUDAD);50%;Urbano;-
1952;S006;PADRE CLARET;Secundario Orientado;Secundario;Privada;02 - Secundario Orientado Privada;CAPITAL;5º SECCION -  RESIDENCIAL SUR;-;Urbano;-
1953;S007;SAGRADO CORAZÓN;Secundario Orientado;Secundario;Privada;03 - Secundario Orientado Privada;CAPITAL;3º SECCION - PARQUE O'HIGGINS;-;Urbano;-
1954;S008;SANTO TOMÁS DE AQUINO;Secundario Orientado;Secundario;Privada;03 - Secundario Orientado Privada;CAPITAL;4º SECCION;Sin Zona;Urbano;-
1955;S009;NTRA. SRA. DE LA MISERICORDIA;Secundario Orientado;Secundario;Privada;02 - Secundario Orientado Privada;CAPITAL;2º SECCION - RESIDENCIAL BARRIO CIVICO;-;Urbano;-
1956;S010;SAN LUIS GONZAGA;Secundario Orientado;Secundario;Privada;03 - Secundario Orientado Privada;CAPITAL;2º SECCION - RESIDENCIAL BARRIO CIVICO;10%;Urbano;-
1957;S011;SANTA MARÍA DE LOS ANGELES;Secundario Orientado;Secundario;Privada;01 - Secundario Orientado Privada;GUAYMALLÉN;VILLA NUEVA;10%;Urbano;-
1958;S012;COMPAÑÍA DE MARÍA;Secundario Orientado;Secundario;Privada;03 - Secundario Orientado Privada;CAPITAL;4º SECCION;Sin Zona;Urbano;-
1959;S013;SAN PEDRO NOLASCO;Secundario Orientado;Secundario;Privada;03 - Secundario Orientado Privada;CAPITAL;3º SECCION - PARQUE O'HIGGINS;10%;Urbano;-
1960;S014;XXI DE ABRIL;Secundario Orientado;Secundario;Privada;03 - Secundario Orientado Privada;GUAYMALLÉN;SAN JOSÉ;10%;Urbano;-
1961;S015;MARÍA MONTESSORI;Secundario Orientado;Secundario;Privada;01 - Secundario Orientado Privada;GUAYMALLÉN;VILLA NUEVA;Sin Zona;Urbano;-
1962;S016;SAN ANDRÉS;Secundario Orientado;Secundario;Privada;02 - Secundario Orientado Privada;CAPITAL;5º SECCION -  RESIDENCIAL SUR;Sin Zona;Urbano;-
1963;S018;COMPAÑÍA DE MARÍA;Secundario Orientado;Secundario;Privada;07 - Secundario Orientado Privada;GODOY CRUZ;GODOY CRUZ;10%;Urbano;-
1964;S019;SAN JOSE HERMANAS DOMINICAS;Secundario Orientado;Secundario;Privada;01 - Secundario Orientado Privada;GUAYMALLÉN;SAN JOSÉ;-;Urbano;-
1965;S021;DON BOSCO;Secundario Técnico;Secundario;Privada;-;MAIPÚ;RODEO DEL MEDIO;-;Urbano;-
1966;S022;MARÍA AUXILIADORA;Secundario Orientado;Secundario;Privada;04 - Secundario Orientado Privada;MAIPÚ;RODEO DEL MEDIO;Sin Zona;Urbano;-
1967;S023;PADRE VÁSQUEZ;Secundario Orientado;Secundario;Privada;04 - Secundario Orientado Privada;MAIPÚ;MAIPÚ;10%;Urbano;-
1969;S026;SAN VICENTE DE PAUL;Secundario Orientado;Secundario;Privada;04 - Secundario Orientado Privada;SAN MARTÍN;SAN MARTÍN;10%;Urbano;-
1970;S027;PABLO BESSON;Secundario Orientado;Secundario;Privada;02 - Secundario Orientado Privada;CAPITAL;3º SECCION - PARQUE O'HIGGINS;10%;Urbano;-
1971;S029;INSTITUTO DEL CARMEN;Secundario Orientado;Secundario;Privada;06 - Secundario Orientado Privada;SAN RAFAEL;SAN RAFAEL - CIUDAD;Sin Zona;Urbano;-
1972;S030;SAN ANTONIO;Secundario Orientado;Secundario;Privada;06 - Secundario Orientado Privada;GRAL. ALVEAR;GENERAL ALVEAR;-;Urbano;-
1973;S032;INSTITUTO CASA DE MARÍA;Secundario Orientado;Secundario;Privada;04 - Secundario Orientado Privada;RIVADAVIA;CIUDAD;10%;Urbano;-
1974;S033;SAN FRANCISCO JAVIER;Secundario Orientado;Secundario;Privada;04 - Secundario Orientado Privada;MAIPÚ;LUZURIAGA;-;Urbano;-
1975;S034;COLEGIO LOS OLIVOS;Secundario Orientado;Secundario;Privada;01 - Secundario Orientado Privada;GUAYMALLÉN;VILLA NUEVA;-;Urbano;-
1977;S036;DEL NIÑO JESÚS;Secundario Orientado;Secundario;Privada;05 - Secundario Orientado Privada;TUNUYÁN;TUNUYÁN;10%;Urbano;-
1978;S037;INTEGRAL DEL HUERTO;Secundario Orientado;Secundario;Privada;07 - Secundario Orientado Privada;GODOY CRUZ;GOBERNADOR BENEGAS;Sin Zona;Urbano;-
1979;S038;INSTITUTO LEONARDO MURIALDO;Secundario Orientado;Secundario;Privada;01 - Secundario Orientado Privada;GUAYMALLÉN;VILLA NUEVA;Sin Zona;Urbano;-
1980;S039;INSTITUTO NADINO;Secundario Orientado;Secundario;Privada;02 - Secundario Orientado Privada;CAPITAL;6º SECCION - RESIDENCIAL NORTE;-;Urbano;-
1981;S040;SAGRADA FAMILIA;Secundario Técnico;Secundario;Privada;04 - Secundario Orientado Privada;MAIPÚ;RODEO DEL MEDIO;50%;Rural;-
1983;S042;SANTA MARÍA GORETTI;Secundario Orientado;Secundario;Privada;05 - Secundario Orientado Privada;LUJÁN DE CUYO;MAYOR DRUMMOND;10%;Urbano;-
1984;S043;SAN PIO X;Secundario Orientado;Secundario;Privada;04 - Secundario Orientado Privada;SAN MARTÍN;SAN MARTÍN;Sin Zona;Urbano;-
1985;S046;I.C.E.I INSTITUTO CUYANO DE ED. INTEGR;Secundario Orientado;Secundario;Privada;02 - Secundario Orientado Privada;CAPITAL;1º SECCION - PARQUE CENTRAL;-;Urbano;-
1986;S047;INST. MAIPÚ DE EDUC. INTEGRAL;Secundario Orientado;Secundario;Privada;04 - Secundario Orientado Privada;MAIPÚ;MAIPÚ;-;Urbano;-
1987;S050;SANTA TERESITA;Secundario Orientado;Secundario;Privada;01 - Secundario Orientado Privada;GUAYMALLÉN;SAN JOSÉ;20%;Urbano;-
1988;S051;NUESTRA SEÑORA DEL SANTISIMO ROSARIO;Secundario Orientado;Secundario;Privada;04 - Secundario Orientado Privada;JUNIN;ALGARROBO GRANDE;50%;Rural;-
1989;S053;PADRE JOSÉ MARÍA LLORENS;Secundario Orientado;Secundario;Privada;02 - Secundario Orientado Privada;CAPITAL;6º SECCION - RESIDENCIAL NORTE;50%;Urbano marginal;-
1990;S056;S.ANTONIO DE PADUA;Secundario Orientado;Secundario;Privada;06 - Secundario Orientado Privada;SAN RAFAEL;CIUDAD;20%;Urbano;-
1991;S057;SANTA ROSA DE LIMA;Secundario Orientado;Secundario;Privada;05 - Secundario Orientado Privada;SAN CARLOS;LA CONSULTA;-;Urbano;-
1992;S058;MONSEÑOR SCALABRINI;Secundario Orientado;Secundario;Privada;07 - Secundario Orientado Privada;GUAYMALLÉN;DORREGO;-;Urbano;-
1993;S059;ADVENTISTA VÍCTOR AMPUERO MATTA;Secundario Orientado;Secundario;Privada;02 - Secundario Orientado Privada;CAPITAL;5º SECCION -  RESIDENCIAL SUR;-;Urbano;-
1994;S061;SOTERO SIMON ARIZU;Secundario Orientado;Secundario;Privada;06 - Secundario Orientado Privada;SAN RAFAEL;VILLA ATUEL;40%;Urbano;-
1995;S063;ESCUELA CRISTIANA EVANGÉLICA MENDOZA;Secundario Orientado;Secundario;Privada;03 - Secundario Orientado Privada;CAPITAL;5º SECCION -  RESIDENCIAL SUR;10%;Urbano;-
1996;S066;NUESTRA SEÑORA DEL LÍBANO;Secundario Orientado;Secundario;Privada;04 - Secundario Orientado Privada;SAN MARTÍN;SAN MARTÍN;10%;Urbano;-
1998;S068;NUESTRA SEÑORA DEL ROSARIO DE POMPEYA;Secundario Orientado;Secundario;Privada;03 - Secundario Orientado Privada;CAPITAL;4º SECCION;-;Urbano;-
1999;S069;DR. ALBERTO SCHWEITZER;Secundario Orientado;Secundario;Privada;01 - Secundario Orientado Privada;GUAYMALLÉN;SAN JOSÉ;10%;Urbano;-
2001;S072;INSTITUTO SAGRADA FAMILIA;Secundario Orientado;Secundario;Privada;01 - Secundario Orientado Privada;GUAYMALLÉN;VILLA NUEVA;-;Urbano;-
2003;S074;COMPAÑÍA DE MARÍA;Secundario Orientado;Secundario;Privada;05 - Secundario Orientado Privada;TUPUNGATO;TUPUNGATO;50%;Urbano;-
2005;S076;VIRGEN DEL C. DE CUYO;Secundario Orientado;Secundario;Privada;04 - Secundario Orientado Privada;MAIPÚ;MAIPÚ;-;Urbano;-
2006;S078;INSTITUTO SAN PABLO;Secundario Orientado;Secundario;Privada;05 - Secundario Orientado Privada;LUJÁN DE CUYO;MAYOR DRUMMOND;50%;Urbano;-
2007;S079;CORAZÓN DE MARÍA;Secundario Orientado;Secundario;Privada;02 - Secundario Orientado Privada;CAPITAL;5º SECCION -  RESIDENCIAL SUR;Sin Zona;Urbano;-
2009;S082;PADRE JOSÉ MULLNER;Secundario Orientado;Secundario;Privada;07 - Secundario Orientado Privada;GODOY CRUZ;VILLA DEL PARQUE;20%;Urbano marginal;-
2011;S084;PADRE VALENTÍN BONETTI;Secundario Orientado;Secundario;Privada;07 - Secundario Orientado Privada;GODOY CRUZ;VILLA HIPODROMO;10%;Urbano;-
2012;S086;NTRA. SRA DEL HUERTO;Secundario Orientado;Secundario;Privada;05 - Secundario Orientado Privada;SAN CARLOS;EUGENIO BUSTOS;10%;Urbano;-
2014;S090;INST.RODEO DEL MEDIO;Secundario Orientado;Secundario;Privada;04 - Secundario Orientado Privada;MAIPÚ;RODEO DEL MEDIO;-;Urbano;-
2015;S091;INSTITUTO SUPERIOR HUMBERTO DE PAOLIS;Secundario Orientado;Secundario;Privada;03 - Secundario Orientado Privada;CAPITAL;2º SECCION - RESIDENCIAL BARRIO CIVICO;Sin Zona;Urbano;-
2016;S092;ISABEL LA CATOLICA;Secundario Orientado;Secundario;Privada;06 - Secundario Orientado Privada;SAN RAFAEL;LAS PAREDES;40%;Rural;-
2017;S093;INSTITUTO SAN MIGUEL;Secundario Orientado;Secundario;Privada;02 - Secundario Orientado Privada;LAS HERAS;LAS HERAS;10%;Urbano;-
2018;S095;MEDALLA MILAGROSA;Secundario Orientado;Secundario;Privada;04 - Secundario Orientado Privada;JUNIN;JUNIN;Sin Zona;Urbano;-
2019;S097;I.S.E.P.;Secundario Orientado;Secundario;Privada;07 - Secundario Orientado Privada;GODOY CRUZ;GODOY CRUZ;10%;Urbano;-
2020;S098;COLEGIO NUESTRA SEÑORA DE LA COMPASIÓN;Secundario Orientado;Secundario;Privada;04 - Secundario Orientado Privada;SAN MARTÍN;PALMIRA;30%;Urbano;-
2021;S099;CENTRO EDUCATIVO DIOS PADRE;Secundario Orientado;Secundario;Privada;01 - Secundario Orientado Privada;GUAYMALLÉN;LOS CORRALITOS;-;Urbano;-
2024;S107;SAN NICOLÁS;Secundario Orientado;Secundario;Privada;05 - Secundario Orientado Privada;LUJÁN DE CUYO;CHACRAS DE CORIA;Sin Zona;Urbano;-
2025;S109;LAS CANDELAS;Secundario Orientado;Secundario;Privada;05 - Secundario Orientado Privada;LUJÁN DE CUYO;CHACRAS DE CORIA;-;Urbano;-
2027;S113;TOMÁS ALVA EDISON;Secundario Orientado;Secundario;Privada;01 - Secundario Orientado Privada;GUAYMALLÉN;BUENA NUEVA;-;Urbano;-
2029;S119;ESCUELA TÉCNICA ECOLÓGICA AMBIENTALISTA;Secundario Orientado;Secundario;Privada;07 - Secundario Orientado Privada;GODOY CRUZ;LAS TORTUGAS;Sin Zona;Urbano;-
2033;S127;CENTRO COMUNITARÍO RURAL EVANGÉLICO;Secundario Orientado;Secundario;Privada;06 - Secundario Orientado Privada;MALARGÜE;LA ESCONDIDA;110%;Rural;-
2034;S129;ECOVIDA;Secundario Orientado;Secundario;Privada;07 - Secundario Orientado Privada;GODOY CRUZ;GODOY CRUZ;Sin Zona;Urbano;-
2035;S130;INMACULADO CORAZÓN DE MARÍA;Secundario Orientado;Secundario;Privada;02 - Secundario Orientado Privada;CAPITAL;CIUDAD;50%;Urbano marginal;-
2037;S132;SAN JORGE;Secundario Orientado;Secundario;Privada;07 - Secundario Orientado Privada;GODOY CRUZ;VILLA HIPODROMO;-;Urbano;-
2039;S136;S.T.R.O.B.E.R.I.;Secundario Orientado;Secundario;Privada;03 - Secundario Orientado Privada;CAPITAL;2º SECCION - RESIDENCIAL BARRIO CIVICO;Sin Zona;Urbano;-
2041;S161;CLAVE DE SOL;Secundario Orientado;Secundario;Privada;01 - Secundario Orientado Privada;GUAYMALLÉN;SAN JOSÉ;Sin Zona;Urbano;-
2042;S164;SAN JOSÉ;Secundario Orientado;Secundario;Privada;06 - Secundario Orientado Privada;MALARGÜE;MALARGÜE;10%;Urbano;-
2043;S176;SANTO TOMÁS MORO;Secundario Orientado;Secundario;Privada;06 - Secundario Orientado Privada;GRAL. ALVEAR;GENERAL ALVEAR;Sin Zona;Rural;-
2044;S178;SANTA TERESITA DEL NIÑO JESÚS;Secundario Orientado;Secundario;Privada;06 - Secundario Orientado Privada;SAN RAFAEL;TOLEDANO;10%;Urbano;-
2045;S182;DON JOSÉ FCO DE SAN MARTÍN;Secundario Orientado;Secundario;Privada;06 - Secundario Orientado Privada;GRAL. ALVEAR;GENERAL ALVEAR;Sin Zona;Urbano;-
2046;S201;MARÍA AUXILIADORA;Secundario Orientado;Secundario;Privada;05 - Secundario Orientado Privada;LUJÁN DE CUYO;PERDRIEL;10%;Rural;-
2047;S202;SAN ANTONIO MARÍA CLARET;Secundario Orientado;Secundario;Privada;02 - Secundario Orientado Privada;CAPITAL;5º SECCION -  RESIDENCIAL SUR;50%;Urbano marginal;-
2048;S203;SAN JUAN BOSCO;Secundario Orientado;Secundario;Privada;05 - Secundario Orientado Privada;SAN CARLOS;EUGENIO BUSTOS;-;Urbano;-
2050;S205;Instituto de Enseñanza Secundaria La Consulta P.S 205;Secundario Orientado;Secundario;Privada;05 - Secundario Orientado Privada;SAN CARLOS;LA CONSULTA;10%;Urbano;-
2052;S207;PIO X;Secundario Orientado;Secundario;Privada;05 - Secundario Orientado Privada;TUNUYÁN;TUNUYÁN;10%;Urbano;-
2053;S208;INSTITUTO SECUNDARIO MALARGÜE;Secundario Orientado;Secundario;Privada;06 - Secundario Orientado Privada;MALARGÜE;MALARGÜE;10%;Urbano;-
2054;S210;INSTITUTO SAN VICENTE FERRER;Secundario Orientado;Secundario;Privada;07 - Secundario Orientado Privada;GODOY CRUZ;GODOY CRUZ;-;Urbano;-
2058;S214;INST. AUGUSTO SALINAS;Secundario Orientado;Secundario;Privada;01 - Secundario Orientado Privada;GUAYMALLÉN;VILLA NUEVA;Sin Zona;Urbano;-
2059;S215;ALFREDO R BUFANO;Secundario Orientado;Secundario;Privada;06 - Secundario Orientado Privada;SAN RAFAEL;LAS PAREDES;-;Rural;-
2061;S218;LA BUENA MADRE;Secundario Orientado;Secundario;Privada;06 - Secundario Orientado Privada;SAN RAFAEL;ISLA DIAMANTE;10%;Urbano;-
2062;S219;BEATO JUAN BAUTISTA SCALABRINI;Secundario Orientado;Secundario;Privada;07 - Secundario Orientado Privada;GUAYMALLÉN;GUAYMALLEN;-;Urbano;-
2063;S223;SANTA CLARA;Secundario Orientado;Secundario;Privada;04 - Secundario Orientado Privada;MAIPÚ;MAIPÚ;10%;Urbano;-
2064;S227;CLUB DEPORTIVO ANTONIO TOMBA;Secundario Orientado;Secundario;Privada;07 - Secundario Orientado Privada;GODOY CRUZ;GODOY CRUZ;-;Urbano;-
2411;4208;PROF. FRANCISCO JAVIER DOMINGUEZ;Secundario Orientado;Secundario;Pública;10 - Secundario Orientado;JUNIN;JUNIN;80%;Urbano marginal;-
2412;4232;TERESA GHILARDI DE MARTÍN;Secundario Orientado;Secundario;Pública;06 - Secundario Orientado;LUJÁN DE CUYO;PERDRIEL;80%;Rural;-
2577;S073;DR. NICOLÁS AVELLANEDA;Secundario Orientado;Secundario;Privada;07 - Secundario Orientado Privada;GODOY CRUZ;GODOY CRUZ;10%;Urbano;-
2666;S028;"INSTITUTO ""SAN RAFAEL""- PS-028 ";Secundario Orientado;Secundario;Privada;06 - Secundario Orientado Privada;SAN RAFAEL;SAN RAFAEL - CIUDAD;-;Urbano;-
2667;S048;INSTITUTO PROFESOR ARLINGTON LUCERO;Secundario Orientado;Secundario;Privada;01 - Secundario Orientado Privada;GUAYMALLÉN;CAPILLA DEL ROSARIO;10%;Urbano;-
2668;S049;NUESTRA SEÑORA DEL ROSARIO;Secundario Orientado;Secundario;Privada;07 - Secundario Orientado Privada;GODOY CRUZ;GODOY CRUZ;10%;Urbano;-
2669;S052;ESCUELA NIÑOS CANTORES Y BACHILLERATO ARTÍSTICO MUSICAL DE MENDOZA;Secundario Orientado;Secundario;Privada;01 - Secundario Orientado Privada;GUAYMALLÉN;GENERAL BELGRANO;Sin Zona;Urbano;-
2670;S062;PORTEZUELO;Secundario Orientado;Secundario;Privada;01 - Secundario Orientado Privada;GUAYMALLÉN;VILLA NUEVA;-;Urbano;-
2671;S065;ESCUELA CRISTIANA EVANGÉLICA ARGENTINA;Secundario Orientado;Secundario;Privada;05 - Secundario Orientado Privada;TUPUNGATO;TUPUNGATO;50%;Urbano;-
2675;S105;NTRA. SRA. DE LA CONSOLATA;Secundario Orientado;Secundario;Privada;01 - Secundario Orientado Privada;GUAYMALLÉN;SAN JOSÉ;-;Urbano;-
2676;S112;FENIX;Secundario Orientado;Secundario;Privada;01 - Secundario Orientado Privada;GUAYMALLÉN;SAN JOSÉ;10%;Urbano;-
2677;S116;SANTA ROSA DE LIMA;Secundario Orientado;Secundario;Privada;01 - Secundario Orientado Privada;GUAYMALLÉN;RODEO DE LA CRUZ;-;Urbano;-
2678;S124;RAINBOW;Secundario Orientado;Secundario;Privada;07 - Secundario Orientado Privada;GODOY CRUZ;GODOY CRUZ;Sin Zona;Urbano;-
2679;S137;COLEGIO FUNDACIÓN ANTONIO TOMBA;Secundario Orientado;Secundario;Privada;07 - Secundario Orientado Privada;GODOY CRUZ;GODOY CRUZ;10%;Urbano;-
2680;S139;LUMEN DE SAN JOSÉ DE CALASANZ;Secundario Orientado;Secundario;Privada;02 - Secundario Orientado Privada;CAPITAL;CIUDAD;-;Urbano;-
2681;S143;SAN GABRIEL;Secundario Orientado;Secundario;Privada;03 - Secundario Orientado Privada;CAPITAL;CIUDAD;-;Urbano;-
2682;S274;ANDINO;Secundario Orientado;Secundario;Privada;02 - Secundario Orientado Privada;CAPITAL;CIUDAD;-;Urbano;-
2683;S221;SANTA MARÍA DEL VALLE GRANDE;Secundario Orientado;Secundario;Privada;06 - Secundario Orientado Privada;SAN RAFAEL;CIUDAD;-;-;-
2684;S222;PROYECTAR;Secundario Orientado;Secundario;Privada;06 - Secundario Orientado Privada;SAN RAFAEL;SAN RAFAEL;Sin Zona;-;-
2685;S232;CENTRO DE FORMACIÓN RURAL LAS RETAMAS - Fund. Pedro Antonio Marzano;Secundario Orientado;Secundario;Privada;04 - Secundario Orientado Privada;MAIPÚ;CRUZ DE PIEDRA;Sin Zona;Rural;-
2686;S233;REDENTOR;Secundario Orientado;Secundario;Privada;06 - Secundario Orientado Privada;SAN RAFAEL;SAN RAFAEL - CIUDAD;10%;Urbano;-
3192;S235;COLEGIO PRIVADO EL NOGAL;Secundario Orientado;Secundario;Privada;05 - Secundario Orientado Privada;LUJÁN DE CUYO;CARRODILLA;Sin Zona;Urbano;-
3204;S241;Santa Teresita de Lisieux;Secundario Orientado;Secundario;Privada;05 - Secundario Orientado Privada;LUJÁN DE CUYO;LUJÁN (CIUDAD);-;-;-
3210;S141;COLEGIO SANTA MARÍA BELÉN;Secundario Orientado;Secundario;Privada;03 - Secundario Orientado Privada;LAS HERAS;EL PLUMERILLO;50%;Urbano marginal;-
3321;S225;SAN JORGE;Secundario Orientado;Secundario;Privada;05 - Secundario Orientado Privada;LUJÁN DE CUYO;CHACRAS DE CORIA;Sin Zona;Urbano;-
3513;S146;Colegio de las Artes;Secundario Orientado;Secundario;Privada;07 - Secundario Orientado Privada;GODOY CRUZ;GODOY CRUZ;Sin Zona;Urbano;-
4394;S100;CHAMPAGNAT;Secundario Orientado;Secundario;Privada;03 - Secundario Orientado Privada;LAS HERAS;EL CHALLAO;50%;-;-
4989;S253;PAPA FRANCISCO;Secundario Orientado;Secundario;Privada;07 - Secundario Orientado Privada;GODOY CRUZ;GODOY CRUZ;-;-;-
5041;S242;SAGRADA FAMILIA DE NAZARETH;Secundario Orientado;Secundario;Privada;06 - Secundario Orientado Privada;SAN RAFAEL;REAL DEL PADRE;-;-;-
5044;4233;ALTO DEL OLVIDO;Secundario Orientado;Secundario;Pública;08 - Secundario Orientado;LAVALLE;LA PALMERA;-;-;-
5088;S271;MARÍA REINA;Secundario Orientado;Secundario;Privada;07 - Secundario Orientado Privada;GODOY CRUZ;GODOY CRUZ;-;-;-
5089;S131;NORBRIDGE;Secundario Orientado;Secundario;Privada;02 - Secundario Orientado Privada;CAPITAL;CIUDAD;-;-;-
5110;4041;ALICIA M. DE JUSTO;Secundario Orientado;Secundario;Pública;08 - Secundario Orientado;LAVALLE;JOCOLÍ VIEJO;80%;-;-
5111;4065;JOSÉ MERCEDES ARGUMEDO;Secundario Orientado;Secundario;Pública;03 - Secundario Orientado;GUAYMALLÉN;LA PRIMAVERA;80%;-;-
5176;S155;INST. SANTÍSIMA TRINIDAD;Secundario Orientado;Secundario;Privada;06 - Secundario Orientado Privada;SAN RAFAEL;CIUDAD;-;-;-
5177;4264;S/N;Secundario Orientado;Secundario;Pública;08 - Secundario Orientado;LAVALLE;ARROYITO;110%;-;-
5179;S060;FUNDACIÓN NAZARET;Secundario Orientado;Secundario;Privada;06 - Secundario Orientado Privada;SAN RAFAEL;SAN RAFAEL;-;-;-
5184;4267;S/N;Secundario Orientado;Secundario;Pública;15 - Secundario Orientado;TUNUYÁN;LOS ARBOLES;110%;-;-
5185;4268;S/N;Secundario Orientado;Secundario;Pública;05 - Secundario Orientado;MAIPÚ;CRUZ DE PIEDRA;80%;-;-
5187;4266;S/N;Secundario Orientado;Secundario;Pública;11 - Secundario Orientado;TUNUYÁN;LA PUNTILLA;110%;-;-
5188;4265;S/N;Secundario Orientado;Secundario;Pública;11 - Secundario Orientado;TUPUNGATO;GUALTALLARY;80%;-;-
5191;4263;S/N;Secundario Orientado;Secundario;Pública;15 - Secundario Orientado;SAN CARLOS;LA CONSULTA;80%;-;-
5236;S276;FASTA JUAN PABLO II;Secundario Orientado;Secundario;Privada;05 - Secundario Orientado Privada;LUJÁN DE CUYO;CHACRAS DE CORIA;-;-;-
5318;4020;CENTRO DE INNOVACIÓN EDUCATIVA TECNOLÓGICA;Secundario Técnico;Secundario;Pública;02 - Secundario Técnico;GODOY CRUZ;GODOY CRUZ;-;-;-
5319;S227;CLUB DEPORTIVO ANTONIO TOMBA;Secundario Orientado;Secundario;Privada;07 - Secundario Orientado Privada;MAIPÚ;COQUIMBITO;-;-;-
